<?xml version="1.0" encoding="UTF-8"?>
<point_cloud version="1.2.0">
  <tracks path="tracks.ply" count="32745"/>
  <points path="points.ply" count="30073"/>
  <projections camera_id="0" path="p0.ply" count="408"/>
  <projections camera_id="1" path="p1.ply" count="910"/>
  <projections camera_id="2" path="p2.ply" count="2805"/>
  <projections camera_id="3" path="p3.ply" count="2445"/>
  <projections camera_id="4" path="p4.ply" count="2697"/>
  <projections camera_id="5" path="p5.ply" count="2623"/>
  <projections camera_id="6" path="p6.ply" count="2212"/>
  <projections camera_id="7" path="p7.ply" count="2452"/>
  <projections camera_id="8" path="p8.ply" count="2653"/>
  <projections camera_id="9" path="p9.ply" count="2038"/>
  <projections camera_id="10" path="p10.ply" count="2057"/>
  <projections camera_id="11" path="p11.ply" count="1569"/>
  <projections camera_id="12" path="p12.ply" count="1676"/>
  <projections camera_id="13" path="p13.ply" count="1512"/>
  <projections camera_id="14" path="p14.ply" count="1421"/>
  <projections camera_id="15" path="p15.ply" count="2034"/>
  <projections camera_id="16" path="p16.ply" count="1987"/>
  <projections camera_id="17" path="p17.ply" count="2210"/>
  <projections camera_id="18" path="p18.ply" count="522"/>
  <projections camera_id="19" path="p19.ply" count="1364"/>
  <projections camera_id="20" path="p20.ply" count="1119"/>
  <projections camera_id="21" path="p21.ply" count="929"/>
  <projections camera_id="22" path="p22.ply" count="408"/>
  <projections camera_id="23" path="p23.ply" count="1760"/>
  <projections camera_id="24" path="p24.ply" count="1709"/>
  <projections camera_id="25" path="p25.ply" count="1664"/>
  <projections camera_id="26" path="p26.ply" count="1606"/>
  <projections camera_id="27" path="p27.ply" count="1416"/>
  <projections camera_id="28" path="p28.ply" count="688"/>
  <projections camera_id="29" path="p29.ply" count="2006"/>
  <projections camera_id="30" path="p30.ply" count="1666"/>
  <projections camera_id="31" path="p31.ply" count="1225"/>
  <projections camera_id="32" path="p32.ply" count="1139"/>
  <projections camera_id="33" path="p33.ply" count="395"/>
  <projections camera_id="34" path="p34.ply" count="545"/>
  <projections camera_id="35" path="p35.ply" count="1009"/>
  <projections camera_id="36" path="p36.ply" count="1092"/>
  <projections camera_id="37" path="p37.ply" count="1330"/>
  <projections camera_id="38" path="p38.ply" count="1485"/>
  <projections camera_id="39" path="p39.ply" count="1370"/>
  <projections camera_id="40" path="p40.ply" count="2604"/>
  <projections camera_id="41" path="p41.ply" count="2348"/>
  <projections camera_id="42" path="p42.ply" count="580"/>
  <projections camera_id="43" path="p43.ply" count="1770"/>
  <projections camera_id="44" path="p44.ply" count="1562"/>
  <projections camera_id="45" path="p45.ply" count="1491"/>
  <projections camera_id="46" path="p46.ply" count="681"/>
  <projections camera_id="47" path="p47.ply" count="836"/>
  <projections camera_id="48" path="p48.ply" count="1057"/>
  <projections camera_id="49" path="p49.ply" count="826"/>
  <projections camera_id="50" path="p50.ply" count="1651"/>
  <projections camera_id="51" path="p51.ply" count="1778"/>
  <projections camera_id="52" path="p52.ply" count="1403"/>
  <projections camera_id="53" path="p53.ply" count="1102"/>
  <projections camera_id="54" path="p54.ply" count="1770"/>
  <projections camera_id="55" path="p55.ply" count="1508"/>
  <projections camera_id="56" path="p56.ply" count="1280"/>
  <projections camera_id="57" path="p57.ply" count="338"/>
  <projections camera_id="58" path="p58.ply" count="606"/>
  <projections camera_id="59" path="p59.ply" count="595"/>
  <projections camera_id="60" path="p60.ply" count="531"/>
  <projections camera_id="61" path="p61.ply" count="443"/>
  <projections camera_id="62" path="p62.ply" count="383"/>
  <projections camera_id="63" path="p63.ply" count="372"/>
  <projections camera_id="64" path="p64.ply" count="173"/>
  <projections camera_id="65" path="p65.ply" count="271"/>
  <projections camera_id="66" path="p66.ply" count="152"/>
  <projections camera_id="67" path="p67.ply" count="296"/>
  <projections camera_id="69" path="p69.ply" count="125"/>
  <projections camera_id="70" path="p70.ply" count="1360"/>
  <projections camera_id="71" path="p71.ply" count="1208"/>
  <projections camera_id="72" path="p72.ply" count="2281"/>
  <projections camera_id="73" path="p73.ply" count="3959"/>
  <projections camera_id="74" path="p74.ply" count="4011"/>
  <projections camera_id="75" path="p75.ply" count="1183"/>
  <projections camera_id="76" path="p76.ply" count="1920"/>
  <projections camera_id="77" path="p77.ply" count="1894"/>
  <meta>
    <property name="match/duration" value="187.813815"/>
    <property name="match/match_downscale" value="2"/>
    <property name="match/match_filter_mask" value="true"/>
    <property name="match/match_point_limit" value="40000"/>
    <property name="match/match_select_pairs" value="1"/>
    <property name="match/match_tiepoint_limit" value="4000"/>
  </meta>
</point_cloud>
