<?xml version="1.0" encoding="UTF-8"?>
<frame>
  <cameras>
    <camera camera_id="0">
      <photo path="../../../images/IMG_20161018_134621.jpg">
        <meta>
          <property name="Exif/ApertureValue" value="2"/>
          <property name="Exif/DateTime" value="2016:10:18 13:46:21"/>
          <property name="Exif/DateTimeOriginal" value="2016:10:18 13:46:21"/>
          <property name="Exif/ExposureTime" value="0.0588235294117647"/>
          <property name="Exif/FNumber" value="2"/>
          <property name="Exif/FocalLength" value="4.26"/>
          <property name="Exif/FocalLengthIn35mmFilm" value="25"/>
          <property name="Exif/ISOSpeedRatings" value="800"/>
          <property name="Exif/Make" value="OnePlus"/>
          <property name="Exif/Model" value="ONEPLUS A3003"/>
          <property name="Exif/Orientation" value="1"/>
          <property name="Exif/ShutterSpeedValue" value="4.058"/>
          <property name="Exif/Software" value="OnePlus3-user 6.0.1 MMB29M 26 dev-keys"/>
          <property name="File/ImageHeight" value="4640"/>
          <property name="File/ImageWidth" value="2610"/>
          <property name="System/FileModifyDate" value="2016:10:18 12:46:20"/>
          <property name="System/FileSize" value="1156922"/>
        </meta>
      </photo>
    </camera>
    <camera camera_id="1">
      <photo path="../../../images/IMG_20161018_134628.jpg">
        <meta>
          <property name="Exif/ApertureValue" value="2"/>
          <property name="Exif/DateTime" value="2016:10:18 13:46:28"/>
          <property name="Exif/DateTimeOriginal" value="2016:10:18 13:46:28"/>
          <property name="Exif/ExposureTime" value="0.0588235294117647"/>
          <property name="Exif/FNumber" value="2"/>
          <property name="Exif/FocalLength" value="4.26"/>
          <property name="Exif/FocalLengthIn35mmFilm" value="25"/>
          <property name="Exif/ISOSpeedRatings" value="800"/>
          <property name="Exif/Make" value="OnePlus"/>
          <property name="Exif/Model" value="ONEPLUS A3003"/>
          <property name="Exif/Orientation" value="1"/>
          <property name="Exif/ShutterSpeedValue" value="4.058"/>
          <property name="Exif/Software" value="OnePlus3-user 6.0.1 MMB29M 26 dev-keys"/>
          <property name="File/ImageHeight" value="4640"/>
          <property name="File/ImageWidth" value="2610"/>
          <property name="System/FileModifyDate" value="2016:10:18 12:46:28"/>
          <property name="System/FileSize" value="1550932"/>
        </meta>
      </photo>
    </camera>
    <camera camera_id="2">
      <photo path="../../../images/IMG_20161018_134742.jpg">
        <meta>
          <property name="Exif/ApertureValue" value="2"/>
          <property name="Exif/DateTime" value="2016:10:18 13:47:42"/>
          <property name="Exif/DateTimeOriginal" value="2016:10:18 13:47:42"/>
          <property name="Exif/ExposureTime" value="0.0588235294117647"/>
          <property name="Exif/FNumber" value="2"/>
          <property name="Exif/FocalLength" value="4.26"/>
          <property name="Exif/FocalLengthIn35mmFilm" value="25"/>
          <property name="Exif/ISOSpeedRatings" value="800"/>
          <property name="Exif/Make" value="OnePlus"/>
          <property name="Exif/Model" value="ONEPLUS A3003"/>
          <property name="Exif/Orientation" value="1"/>
          <property name="Exif/ShutterSpeedValue" value="4.058"/>
          <property name="Exif/Software" value="OnePlus3-user 6.0.1 MMB29M 26 dev-keys"/>
          <property name="File/ImageHeight" value="4640"/>
          <property name="File/ImageWidth" value="2610"/>
          <property name="System/FileModifyDate" value="2016:10:18 12:47:42"/>
          <property name="System/FileSize" value="1388330"/>
        </meta>
      </photo>
    </camera>
    <camera camera_id="3">
      <photo path="../../../images/IMG_20161018_134744.jpg">
        <meta>
          <property name="Exif/ApertureValue" value="2"/>
          <property name="Exif/DateTime" value="2016:10:18 13:47:44"/>
          <property name="Exif/DateTimeOriginal" value="2016:10:18 13:47:44"/>
          <property name="Exif/ExposureTime" value="0.05"/>
          <property name="Exif/FNumber" value="2"/>
          <property name="Exif/FocalLength" value="4.26"/>
          <property name="Exif/FocalLengthIn35mmFilm" value="25"/>
          <property name="Exif/ISOSpeedRatings" value="640"/>
          <property name="Exif/Make" value="OnePlus"/>
          <property name="Exif/Model" value="ONEPLUS A3003"/>
          <property name="Exif/Orientation" value="1"/>
          <property name="Exif/ShutterSpeedValue" value="4.321"/>
          <property name="Exif/Software" value="OnePlus3-user 6.0.1 MMB29M 26 dev-keys"/>
          <property name="File/ImageHeight" value="4640"/>
          <property name="File/ImageWidth" value="2610"/>
          <property name="System/FileModifyDate" value="2016:10:18 12:47:44"/>
          <property name="System/FileSize" value="1893113"/>
        </meta>
      </photo>
    </camera>
    <camera camera_id="4">
      <photo path="../../../images/IMG_20161018_134750.jpg">
        <meta>
          <property name="Exif/ApertureValue" value="2"/>
          <property name="Exif/DateTime" value="2016:10:18 13:47:50"/>
          <property name="Exif/DateTimeOriginal" value="2016:10:18 13:47:50"/>
          <property name="Exif/ExposureTime" value="0.0588235294117647"/>
          <property name="Exif/FNumber" value="2"/>
          <property name="Exif/FocalLength" value="4.26"/>
          <property name="Exif/FocalLengthIn35mmFilm" value="25"/>
          <property name="Exif/ISOSpeedRatings" value="800"/>
          <property name="Exif/Make" value="OnePlus"/>
          <property name="Exif/Model" value="ONEPLUS A3003"/>
          <property name="Exif/Orientation" value="1"/>
          <property name="Exif/ShutterSpeedValue" value="4.058"/>
          <property name="Exif/Software" value="OnePlus3-user 6.0.1 MMB29M 26 dev-keys"/>
          <property name="File/ImageHeight" value="4640"/>
          <property name="File/ImageWidth" value="2610"/>
          <property name="System/FileModifyDate" value="2016:10:18 12:47:50"/>
          <property name="System/FileSize" value="1869074"/>
        </meta>
      </photo>
    </camera>
    <camera camera_id="5">
      <photo path="../../../images/IMG_20161018_134751.jpg">
        <meta>
          <property name="Exif/ApertureValue" value="2"/>
          <property name="Exif/DateTime" value="2016:10:18 13:47:51"/>
          <property name="Exif/DateTimeOriginal" value="2016:10:18 13:47:51"/>
          <property name="Exif/ExposureTime" value="0.0588235294117647"/>
          <property name="Exif/FNumber" value="2"/>
          <property name="Exif/FocalLength" value="4.26"/>
          <property name="Exif/FocalLengthIn35mmFilm" value="25"/>
          <property name="Exif/ISOSpeedRatings" value="800"/>
          <property name="Exif/Make" value="OnePlus"/>
          <property name="Exif/Model" value="ONEPLUS A3003"/>
          <property name="Exif/Orientation" value="1"/>
          <property name="Exif/ShutterSpeedValue" value="4.058"/>
          <property name="Exif/Software" value="OnePlus3-user 6.0.1 MMB29M 26 dev-keys"/>
          <property name="File/ImageHeight" value="4640"/>
          <property name="File/ImageWidth" value="2610"/>
          <property name="System/FileModifyDate" value="2016:10:18 12:47:50"/>
          <property name="System/FileSize" value="1700042"/>
        </meta>
      </photo>
    </camera>
    <camera camera_id="6">
      <photo path="../../../images/IMG_20161018_134757.jpg">
        <meta>
          <property name="Exif/ApertureValue" value="2"/>
          <property name="Exif/DateTime" value="2016:10:18 13:47:57"/>
          <property name="Exif/DateTimeOriginal" value="2016:10:18 13:47:57"/>
          <property name="Exif/ExposureTime" value="0.0588235294117647"/>
          <property name="Exif/FNumber" value="2"/>
          <property name="Exif/FocalLength" value="4.26"/>
          <property name="Exif/FocalLengthIn35mmFilm" value="25"/>
          <property name="Exif/ISOSpeedRatings" value="640"/>
          <property name="Exif/Make" value="OnePlus"/>
          <property name="Exif/Model" value="ONEPLUS A3003"/>
          <property name="Exif/Orientation" value="1"/>
          <property name="Exif/ShutterSpeedValue" value="4.058"/>
          <property name="Exif/Software" value="OnePlus3-user 6.0.1 MMB29M 26 dev-keys"/>
          <property name="File/ImageHeight" value="4640"/>
          <property name="File/ImageWidth" value="2610"/>
          <property name="System/FileModifyDate" value="2016:10:18 12:47:56"/>
          <property name="System/FileSize" value="1571182"/>
        </meta>
      </photo>
    </camera>
    <camera camera_id="7">
      <photo path="../../../images/IMG_20161018_134759.jpg">
        <meta>
          <property name="Exif/ApertureValue" value="2"/>
          <property name="Exif/DateTime" value="2016:10:18 13:47:59"/>
          <property name="Exif/DateTimeOriginal" value="2016:10:18 13:47:59"/>
          <property name="Exif/ExposureTime" value="0.0588235294117647"/>
          <property name="Exif/FNumber" value="2"/>
          <property name="Exif/FocalLength" value="4.26"/>
          <property name="Exif/FocalLengthIn35mmFilm" value="25"/>
          <property name="Exif/ISOSpeedRatings" value="640"/>
          <property name="Exif/Make" value="OnePlus"/>
          <property name="Exif/Model" value="ONEPLUS A3003"/>
          <property name="Exif/Orientation" value="1"/>
          <property name="Exif/ShutterSpeedValue" value="4.058"/>
          <property name="Exif/Software" value="OnePlus3-user 6.0.1 MMB29M 26 dev-keys"/>
          <property name="File/ImageHeight" value="4640"/>
          <property name="File/ImageWidth" value="2610"/>
          <property name="System/FileModifyDate" value="2016:10:18 12:47:58"/>
          <property name="System/FileSize" value="1716419"/>
        </meta>
      </photo>
    </camera>
    <camera camera_id="8">
      <photo path="../../../images/IMG_20161018_134800.jpg">
        <meta>
          <property name="Exif/ApertureValue" value="2"/>
          <property name="Exif/DateTime" value="2016:10:18 13:48:00"/>
          <property name="Exif/DateTimeOriginal" value="2016:10:18 13:48:00"/>
          <property name="Exif/ExposureTime" value="0.0588235294117647"/>
          <property name="Exif/FNumber" value="2"/>
          <property name="Exif/FocalLength" value="4.26"/>
          <property name="Exif/FocalLengthIn35mmFilm" value="25"/>
          <property name="Exif/ISOSpeedRatings" value="640"/>
          <property name="Exif/Make" value="OnePlus"/>
          <property name="Exif/Model" value="ONEPLUS A3003"/>
          <property name="Exif/Orientation" value="1"/>
          <property name="Exif/ShutterSpeedValue" value="4.058"/>
          <property name="Exif/Software" value="OnePlus3-user 6.0.1 MMB29M 26 dev-keys"/>
          <property name="File/ImageHeight" value="4640"/>
          <property name="File/ImageWidth" value="2610"/>
          <property name="System/FileModifyDate" value="2016:10:18 12:48:00"/>
          <property name="System/FileSize" value="1596353"/>
        </meta>
      </photo>
    </camera>
    <camera camera_id="9">
      <photo path="../../../images/IMG_20161018_134804.jpg">
        <meta>
          <property name="Exif/ApertureValue" value="2"/>
          <property name="Exif/DateTime" value="2016:10:18 13:48:03"/>
          <property name="Exif/DateTimeOriginal" value="2016:10:18 13:48:03"/>
          <property name="Exif/ExposureTime" value="0.0588235294117647"/>
          <property name="Exif/FNumber" value="2"/>
          <property name="Exif/FocalLength" value="4.26"/>
          <property name="Exif/FocalLengthIn35mmFilm" value="25"/>
          <property name="Exif/ISOSpeedRatings" value="800"/>
          <property name="Exif/Make" value="OnePlus"/>
          <property name="Exif/Model" value="ONEPLUS A3003"/>
          <property name="Exif/Orientation" value="1"/>
          <property name="Exif/ShutterSpeedValue" value="4.058"/>
          <property name="Exif/Software" value="OnePlus3-user 6.0.1 MMB29M 26 dev-keys"/>
          <property name="File/ImageHeight" value="4640"/>
          <property name="File/ImageWidth" value="2610"/>
          <property name="System/FileModifyDate" value="2016:10:18 12:48:02"/>
          <property name="System/FileSize" value="1478364"/>
        </meta>
      </photo>
    </camera>
    <camera camera_id="10">
      <photo path="../../../images/IMG_20161018_134805.jpg">
        <meta>
          <property name="Exif/ApertureValue" value="2"/>
          <property name="Exif/DateTime" value="2016:10:18 13:48:05"/>
          <property name="Exif/DateTimeOriginal" value="2016:10:18 13:48:05"/>
          <property name="Exif/ExposureTime" value="0.0588235294117647"/>
          <property name="Exif/FNumber" value="2"/>
          <property name="Exif/FocalLength" value="4.26"/>
          <property name="Exif/FocalLengthIn35mmFilm" value="25"/>
          <property name="Exif/ISOSpeedRatings" value="800"/>
          <property name="Exif/Make" value="OnePlus"/>
          <property name="Exif/Model" value="ONEPLUS A3003"/>
          <property name="Exif/Orientation" value="1"/>
          <property name="Exif/ShutterSpeedValue" value="4.058"/>
          <property name="Exif/Software" value="OnePlus3-user 6.0.1 MMB29M 26 dev-keys"/>
          <property name="File/ImageHeight" value="4640"/>
          <property name="File/ImageWidth" value="2610"/>
          <property name="System/FileModifyDate" value="2016:10:18 12:48:04"/>
          <property name="System/FileSize" value="1525129"/>
        </meta>
      </photo>
    </camera>
    <camera camera_id="11">
      <photo path="../../../images/IMG_20161018_134810.jpg">
        <meta>
          <property name="Exif/ApertureValue" value="2"/>
          <property name="Exif/DateTime" value="2016:10:18 13:48:09"/>
          <property name="Exif/DateTimeOriginal" value="2016:10:18 13:48:09"/>
          <property name="Exif/ExposureTime" value="0.0588235294117647"/>
          <property name="Exif/FNumber" value="2"/>
          <property name="Exif/FocalLength" value="4.26"/>
          <property name="Exif/FocalLengthIn35mmFilm" value="25"/>
          <property name="Exif/ISOSpeedRatings" value="1250"/>
          <property name="Exif/Make" value="OnePlus"/>
          <property name="Exif/Model" value="ONEPLUS A3003"/>
          <property name="Exif/Orientation" value="1"/>
          <property name="Exif/ShutterSpeedValue" value="4.058"/>
          <property name="Exif/Software" value="OnePlus3-user 6.0.1 MMB29M 26 dev-keys"/>
          <property name="File/ImageHeight" value="4640"/>
          <property name="File/ImageWidth" value="2610"/>
          <property name="System/FileModifyDate" value="2016:10:18 12:48:08"/>
          <property name="System/FileSize" value="1280936"/>
        </meta>
      </photo>
    </camera>
    <camera camera_id="12">
      <photo path="../../../images/IMG_20161018_134814.jpg">
        <meta>
          <property name="Exif/ApertureValue" value="2"/>
          <property name="Exif/DateTime" value="2016:10:18 13:48:14"/>
          <property name="Exif/DateTimeOriginal" value="2016:10:18 13:48:14"/>
          <property name="Exif/ExposureTime" value="0.0588235294117647"/>
          <property name="Exif/FNumber" value="2"/>
          <property name="Exif/FocalLength" value="4.26"/>
          <property name="Exif/FocalLengthIn35mmFilm" value="25"/>
          <property name="Exif/ISOSpeedRatings" value="640"/>
          <property name="Exif/Make" value="OnePlus"/>
          <property name="Exif/Model" value="ONEPLUS A3003"/>
          <property name="Exif/Orientation" value="1"/>
          <property name="Exif/ShutterSpeedValue" value="4.058"/>
          <property name="Exif/Software" value="OnePlus3-user 6.0.1 MMB29M 26 dev-keys"/>
          <property name="File/ImageHeight" value="4640"/>
          <property name="File/ImageWidth" value="2610"/>
          <property name="System/FileModifyDate" value="2016:10:18 12:48:14"/>
          <property name="System/FileSize" value="1424421"/>
        </meta>
      </photo>
    </camera>
    <camera camera_id="13">
      <photo path="../../../images/IMG_20161018_134816.jpg">
        <meta>
          <property name="Exif/ApertureValue" value="2"/>
          <property name="Exif/DateTime" value="2016:10:18 13:48:16"/>
          <property name="Exif/DateTimeOriginal" value="2016:10:18 13:48:16"/>
          <property name="Exif/ExposureTime" value="0.0588235294117647"/>
          <property name="Exif/FNumber" value="2"/>
          <property name="Exif/FocalLength" value="4.26"/>
          <property name="Exif/FocalLengthIn35mmFilm" value="25"/>
          <property name="Exif/ISOSpeedRatings" value="640"/>
          <property name="Exif/Make" value="OnePlus"/>
          <property name="Exif/Model" value="ONEPLUS A3003"/>
          <property name="Exif/Orientation" value="1"/>
          <property name="Exif/ShutterSpeedValue" value="4.058"/>
          <property name="Exif/Software" value="OnePlus3-user 6.0.1 MMB29M 26 dev-keys"/>
          <property name="File/ImageHeight" value="4640"/>
          <property name="File/ImageWidth" value="2610"/>
          <property name="System/FileModifyDate" value="2016:10:18 12:48:16"/>
          <property name="System/FileSize" value="1520187"/>
        </meta>
      </photo>
    </camera>
    <camera camera_id="14">
      <photo path="../../../images/IMG_20161018_134822.jpg">
        <meta>
          <property name="Exif/ApertureValue" value="2"/>
          <property name="Exif/DateTime" value="2016:10:18 13:48:22"/>
          <property name="Exif/DateTimeOriginal" value="2016:10:18 13:48:22"/>
          <property name="Exif/ExposureTime" value="0.05"/>
          <property name="Exif/FNumber" value="2"/>
          <property name="Exif/FocalLength" value="4.26"/>
          <property name="Exif/FocalLengthIn35mmFilm" value="25"/>
          <property name="Exif/ISOSpeedRatings" value="640"/>
          <property name="Exif/Make" value="OnePlus"/>
          <property name="Exif/Model" value="ONEPLUS A3003"/>
          <property name="Exif/Orientation" value="1"/>
          <property name="Exif/ShutterSpeedValue" value="4.321"/>
          <property name="Exif/Software" value="OnePlus3-user 6.0.1 MMB29M 26 dev-keys"/>
          <property name="File/ImageHeight" value="4640"/>
          <property name="File/ImageWidth" value="2610"/>
          <property name="System/FileModifyDate" value="2016:10:18 12:48:22"/>
          <property name="System/FileSize" value="1668678"/>
        </meta>
      </photo>
    </camera>
    <camera camera_id="15">
      <photo path="../../../images/IMG_20161018_134826.jpg">
        <meta>
          <property name="Exif/ApertureValue" value="2"/>
          <property name="Exif/DateTime" value="2016:10:18 13:48:26"/>
          <property name="Exif/DateTimeOriginal" value="2016:10:18 13:48:26"/>
          <property name="Exif/ExposureTime" value="0.0588235294117647"/>
          <property name="Exif/FNumber" value="2"/>
          <property name="Exif/FocalLength" value="4.26"/>
          <property name="Exif/FocalLengthIn35mmFilm" value="25"/>
          <property name="Exif/ISOSpeedRatings" value="800"/>
          <property name="Exif/Make" value="OnePlus"/>
          <property name="Exif/Model" value="ONEPLUS A3003"/>
          <property name="Exif/Orientation" value="1"/>
          <property name="Exif/ShutterSpeedValue" value="4.058"/>
          <property name="Exif/Software" value="OnePlus3-user 6.0.1 MMB29M 26 dev-keys"/>
          <property name="File/ImageHeight" value="4640"/>
          <property name="File/ImageWidth" value="2610"/>
          <property name="System/FileModifyDate" value="2016:10:18 12:48:26"/>
          <property name="System/FileSize" value="1580928"/>
        </meta>
      </photo>
    </camera>
    <camera camera_id="16">
      <photo path="../../../images/IMG_20161018_134827.jpg">
        <meta>
          <property name="Exif/ApertureValue" value="2"/>
          <property name="Exif/DateTime" value="2016:10:18 13:48:27"/>
          <property name="Exif/DateTimeOriginal" value="2016:10:18 13:48:27"/>
          <property name="Exif/ExposureTime" value="0.0588235294117647"/>
          <property name="Exif/FNumber" value="2"/>
          <property name="Exif/FocalLength" value="4.26"/>
          <property name="Exif/FocalLengthIn35mmFilm" value="25"/>
          <property name="Exif/ISOSpeedRatings" value="800"/>
          <property name="Exif/Make" value="OnePlus"/>
          <property name="Exif/Model" value="ONEPLUS A3003"/>
          <property name="Exif/Orientation" value="1"/>
          <property name="Exif/ShutterSpeedValue" value="4.058"/>
          <property name="Exif/Software" value="OnePlus3-user 6.0.1 MMB29M 26 dev-keys"/>
          <property name="File/ImageHeight" value="4640"/>
          <property name="File/ImageWidth" value="2610"/>
          <property name="System/FileModifyDate" value="2016:10:18 12:48:26"/>
          <property name="System/FileSize" value="1567843"/>
        </meta>
      </photo>
    </camera>
    <camera camera_id="17">
      <photo path="../../../images/IMG_20161018_134839.jpg">
        <meta>
          <property name="Exif/ApertureValue" value="2"/>
          <property name="Exif/DateTime" value="2016:10:18 13:48:39"/>
          <property name="Exif/DateTimeOriginal" value="2016:10:18 13:48:39"/>
          <property name="Exif/ExposureTime" value="0.0588235294117647"/>
          <property name="Exif/FNumber" value="2"/>
          <property name="Exif/FocalLength" value="4.26"/>
          <property name="Exif/FocalLengthIn35mmFilm" value="25"/>
          <property name="Exif/ISOSpeedRatings" value="640"/>
          <property name="Exif/Make" value="OnePlus"/>
          <property name="Exif/Model" value="ONEPLUS A3003"/>
          <property name="Exif/Orientation" value="1"/>
          <property name="Exif/ShutterSpeedValue" value="4.058"/>
          <property name="Exif/Software" value="OnePlus3-user 6.0.1 MMB29M 26 dev-keys"/>
          <property name="File/ImageHeight" value="4640"/>
          <property name="File/ImageWidth" value="2610"/>
          <property name="System/FileModifyDate" value="2016:10:18 12:48:38"/>
          <property name="System/FileSize" value="1719403"/>
        </meta>
      </photo>
    </camera>
    <camera camera_id="18">
      <photo path="../../../images/IMG_20161018_134845.jpg">
        <meta>
          <property name="Exif/ApertureValue" value="2"/>
          <property name="Exif/DateTime" value="2016:10:18 13:48:45"/>
          <property name="Exif/DateTimeOriginal" value="2016:10:18 13:48:45"/>
          <property name="Exif/ExposureTime" value="0.0588235294117647"/>
          <property name="Exif/FNumber" value="2"/>
          <property name="Exif/FocalLength" value="4.26"/>
          <property name="Exif/FocalLengthIn35mmFilm" value="25"/>
          <property name="Exif/ISOSpeedRatings" value="800"/>
          <property name="Exif/Make" value="OnePlus"/>
          <property name="Exif/Model" value="ONEPLUS A3003"/>
          <property name="Exif/Orientation" value="1"/>
          <property name="Exif/ShutterSpeedValue" value="4.058"/>
          <property name="Exif/Software" value="OnePlus3-user 6.0.1 MMB29M 26 dev-keys"/>
          <property name="File/ImageHeight" value="4640"/>
          <property name="File/ImageWidth" value="2610"/>
          <property name="System/FileModifyDate" value="2016:10:18 12:48:44"/>
          <property name="System/FileSize" value="1537902"/>
        </meta>
      </photo>
    </camera>
    <camera camera_id="19">
      <photo path="../../../images/IMG_20161018_134847.jpg">
        <meta>
          <property name="Exif/ApertureValue" value="2"/>
          <property name="Exif/DateTime" value="2016:10:18 13:48:46"/>
          <property name="Exif/DateTimeOriginal" value="2016:10:18 13:48:46"/>
          <property name="Exif/ExposureTime" value="0.0588235294117647"/>
          <property name="Exif/FNumber" value="2"/>
          <property name="Exif/FocalLength" value="4.26"/>
          <property name="Exif/FocalLengthIn35mmFilm" value="25"/>
          <property name="Exif/ISOSpeedRatings" value="800"/>
          <property name="Exif/Make" value="OnePlus"/>
          <property name="Exif/Model" value="ONEPLUS A3003"/>
          <property name="Exif/Orientation" value="1"/>
          <property name="Exif/ShutterSpeedValue" value="4.058"/>
          <property name="Exif/Software" value="OnePlus3-user 6.0.1 MMB29M 26 dev-keys"/>
          <property name="File/ImageHeight" value="4640"/>
          <property name="File/ImageWidth" value="2610"/>
          <property name="System/FileModifyDate" value="2016:10:18 12:48:46"/>
          <property name="System/FileSize" value="1669063"/>
        </meta>
      </photo>
    </camera>
    <camera camera_id="20">
      <photo path="../../../images/IMG_20161018_134849.jpg">
        <meta>
          <property name="Exif/ApertureValue" value="2"/>
          <property name="Exif/DateTime" value="2016:10:18 13:48:49"/>
          <property name="Exif/DateTimeOriginal" value="2016:10:18 13:48:49"/>
          <property name="Exif/ExposureTime" value="0.0588235294117647"/>
          <property name="Exif/FNumber" value="2"/>
          <property name="Exif/FocalLength" value="4.26"/>
          <property name="Exif/FocalLengthIn35mmFilm" value="25"/>
          <property name="Exif/ISOSpeedRatings" value="800"/>
          <property name="Exif/Make" value="OnePlus"/>
          <property name="Exif/Model" value="ONEPLUS A3003"/>
          <property name="Exif/Orientation" value="1"/>
          <property name="Exif/ShutterSpeedValue" value="4.058"/>
          <property name="Exif/Software" value="OnePlus3-user 6.0.1 MMB29M 26 dev-keys"/>
          <property name="File/ImageHeight" value="4640"/>
          <property name="File/ImageWidth" value="2610"/>
          <property name="System/FileModifyDate" value="2016:10:18 12:48:48"/>
          <property name="System/FileSize" value="1443338"/>
        </meta>
      </photo>
    </camera>
    <camera camera_id="21">
      <photo path="../../../images/IMG_20161018_134850.jpg">
        <meta>
          <property name="Exif/ApertureValue" value="2"/>
          <property name="Exif/DateTime" value="2016:10:18 13:48:50"/>
          <property name="Exif/DateTimeOriginal" value="2016:10:18 13:48:50"/>
          <property name="Exif/ExposureTime" value="0.0588235294117647"/>
          <property name="Exif/FNumber" value="2"/>
          <property name="Exif/FocalLength" value="4.26"/>
          <property name="Exif/FocalLengthIn35mmFilm" value="25"/>
          <property name="Exif/ISOSpeedRatings" value="800"/>
          <property name="Exif/Make" value="OnePlus"/>
          <property name="Exif/Model" value="ONEPLUS A3003"/>
          <property name="Exif/Orientation" value="1"/>
          <property name="Exif/ShutterSpeedValue" value="4.058"/>
          <property name="Exif/Software" value="OnePlus3-user 6.0.1 MMB29M 26 dev-keys"/>
          <property name="File/ImageHeight" value="4640"/>
          <property name="File/ImageWidth" value="2610"/>
          <property name="System/FileModifyDate" value="2016:10:18 12:48:50"/>
          <property name="System/FileSize" value="1445889"/>
        </meta>
      </photo>
    </camera>
    <camera camera_id="22">
      <photo path="../../../images/IMG_20161018_134852.jpg">
        <meta>
          <property name="Exif/ApertureValue" value="2"/>
          <property name="Exif/DateTime" value="2016:10:18 13:48:52"/>
          <property name="Exif/DateTimeOriginal" value="2016:10:18 13:48:52"/>
          <property name="Exif/ExposureTime" value="0.0588235294117647"/>
          <property name="Exif/FNumber" value="2"/>
          <property name="Exif/FocalLength" value="4.26"/>
          <property name="Exif/FocalLengthIn35mmFilm" value="25"/>
          <property name="Exif/ISOSpeedRatings" value="800"/>
          <property name="Exif/Make" value="OnePlus"/>
          <property name="Exif/Model" value="ONEPLUS A3003"/>
          <property name="Exif/Orientation" value="1"/>
          <property name="Exif/ShutterSpeedValue" value="4.058"/>
          <property name="Exif/Software" value="OnePlus3-user 6.0.1 MMB29M 26 dev-keys"/>
          <property name="File/ImageHeight" value="4640"/>
          <property name="File/ImageWidth" value="2610"/>
          <property name="System/FileModifyDate" value="2016:10:18 12:48:52"/>
          <property name="System/FileSize" value="1480683"/>
        </meta>
      </photo>
    </camera>
    <camera camera_id="23">
      <photo path="../../../images/IMG_20161018_134855.jpg">
        <meta>
          <property name="Exif/ApertureValue" value="2"/>
          <property name="Exif/DateTime" value="2016:10:18 13:48:55"/>
          <property name="Exif/DateTimeOriginal" value="2016:10:18 13:48:55"/>
          <property name="Exif/ExposureTime" value="0.0588235294117647"/>
          <property name="Exif/FNumber" value="2"/>
          <property name="Exif/FocalLength" value="4.26"/>
          <property name="Exif/FocalLengthIn35mmFilm" value="25"/>
          <property name="Exif/ISOSpeedRatings" value="800"/>
          <property name="Exif/Make" value="OnePlus"/>
          <property name="Exif/Model" value="ONEPLUS A3003"/>
          <property name="Exif/Orientation" value="1"/>
          <property name="Exif/ShutterSpeedValue" value="4.058"/>
          <property name="Exif/Software" value="OnePlus3-user 6.0.1 MMB29M 26 dev-keys"/>
          <property name="File/ImageHeight" value="4640"/>
          <property name="File/ImageWidth" value="2610"/>
          <property name="System/FileModifyDate" value="2016:10:18 12:48:54"/>
          <property name="System/FileSize" value="1531601"/>
        </meta>
      </photo>
    </camera>
    <camera camera_id="24">
      <photo path="../../../images/IMG_20161018_134857.jpg">
        <meta>
          <property name="Exif/ApertureValue" value="2"/>
          <property name="Exif/DateTime" value="2016:10:18 13:48:57"/>
          <property name="Exif/DateTimeOriginal" value="2016:10:18 13:48:57"/>
          <property name="Exif/ExposureTime" value="0.0588235294117647"/>
          <property name="Exif/FNumber" value="2"/>
          <property name="Exif/FocalLength" value="4.26"/>
          <property name="Exif/FocalLengthIn35mmFilm" value="25"/>
          <property name="Exif/ISOSpeedRatings" value="1000"/>
          <property name="Exif/Make" value="OnePlus"/>
          <property name="Exif/Model" value="ONEPLUS A3003"/>
          <property name="Exif/Orientation" value="1"/>
          <property name="Exif/ShutterSpeedValue" value="4.058"/>
          <property name="Exif/Software" value="OnePlus3-user 6.0.1 MMB29M 26 dev-keys"/>
          <property name="File/ImageHeight" value="4640"/>
          <property name="File/ImageWidth" value="2610"/>
          <property name="System/FileModifyDate" value="2016:10:18 12:48:56"/>
          <property name="System/FileSize" value="1289991"/>
        </meta>
      </photo>
    </camera>
    <camera camera_id="25">
      <photo path="../../../images/IMG_20161018_134900.jpg">
        <meta>
          <property name="Exif/ApertureValue" value="2"/>
          <property name="Exif/DateTime" value="2016:10:18 13:49:00"/>
          <property name="Exif/DateTimeOriginal" value="2016:10:18 13:49:00"/>
          <property name="Exif/ExposureTime" value="0.0588235294117647"/>
          <property name="Exif/FNumber" value="2"/>
          <property name="Exif/FocalLength" value="4.26"/>
          <property name="Exif/FocalLengthIn35mmFilm" value="25"/>
          <property name="Exif/ISOSpeedRatings" value="1250"/>
          <property name="Exif/Make" value="OnePlus"/>
          <property name="Exif/Model" value="ONEPLUS A3003"/>
          <property name="Exif/Orientation" value="1"/>
          <property name="Exif/ShutterSpeedValue" value="4.058"/>
          <property name="Exif/Software" value="OnePlus3-user 6.0.1 MMB29M 26 dev-keys"/>
          <property name="File/ImageHeight" value="4640"/>
          <property name="File/ImageWidth" value="2610"/>
          <property name="System/FileModifyDate" value="2016:10:18 12:49:00"/>
          <property name="System/FileSize" value="1415646"/>
        </meta>
      </photo>
    </camera>
    <camera camera_id="26">
      <photo path="../../../images/IMG_20161018_134904.jpg">
        <meta>
          <property name="Exif/ApertureValue" value="2"/>
          <property name="Exif/DateTime" value="2016:10:18 13:49:04"/>
          <property name="Exif/DateTimeOriginal" value="2016:10:18 13:49:04"/>
          <property name="Exif/ExposureTime" value="0.0588235294117647"/>
          <property name="Exif/FNumber" value="2"/>
          <property name="Exif/FocalLength" value="4.26"/>
          <property name="Exif/FocalLengthIn35mmFilm" value="25"/>
          <property name="Exif/ISOSpeedRatings" value="2000"/>
          <property name="Exif/Make" value="OnePlus"/>
          <property name="Exif/Model" value="ONEPLUS A3003"/>
          <property name="Exif/Orientation" value="1"/>
          <property name="Exif/ShutterSpeedValue" value="4.058"/>
          <property name="Exif/Software" value="OnePlus3-user 6.0.1 MMB29M 26 dev-keys"/>
          <property name="File/ImageHeight" value="4640"/>
          <property name="File/ImageWidth" value="2610"/>
          <property name="System/FileModifyDate" value="2016:10:18 12:49:04"/>
          <property name="System/FileSize" value="1613376"/>
        </meta>
      </photo>
    </camera>
    <camera camera_id="27">
      <photo path="../../../images/IMG_20161018_134908.jpg">
        <meta>
          <property name="Exif/ApertureValue" value="2"/>
          <property name="Exif/DateTime" value="2016:10:18 13:49:08"/>
          <property name="Exif/DateTimeOriginal" value="2016:10:18 13:49:08"/>
          <property name="Exif/ExposureTime" value="0.0588235294117647"/>
          <property name="Exif/FNumber" value="2"/>
          <property name="Exif/FocalLength" value="4.26"/>
          <property name="Exif/FocalLengthIn35mmFilm" value="25"/>
          <property name="Exif/ISOSpeedRatings" value="2500"/>
          <property name="Exif/Make" value="OnePlus"/>
          <property name="Exif/Model" value="ONEPLUS A3003"/>
          <property name="Exif/Orientation" value="1"/>
          <property name="Exif/ShutterSpeedValue" value="4.058"/>
          <property name="Exif/Software" value="OnePlus3-user 6.0.1 MMB29M 26 dev-keys"/>
          <property name="File/ImageHeight" value="4640"/>
          <property name="File/ImageWidth" value="2610"/>
          <property name="System/FileModifyDate" value="2016:10:18 12:49:08"/>
          <property name="System/FileSize" value="1544392"/>
        </meta>
      </photo>
    </camera>
    <camera camera_id="28">
      <photo path="../../../images/IMG_20161018_134917.jpg">
        <meta>
          <property name="Exif/ApertureValue" value="2"/>
          <property name="Exif/DateTime" value="2016:10:18 13:49:17"/>
          <property name="Exif/DateTimeOriginal" value="2016:10:18 13:49:17"/>
          <property name="Exif/ExposureTime" value="0.0588235294117647"/>
          <property name="Exif/FNumber" value="2"/>
          <property name="Exif/FocalLength" value="4.26"/>
          <property name="Exif/FocalLengthIn35mmFilm" value="25"/>
          <property name="Exif/ISOSpeedRatings" value="1250"/>
          <property name="Exif/Make" value="OnePlus"/>
          <property name="Exif/Model" value="ONEPLUS A3003"/>
          <property name="Exif/Orientation" value="1"/>
          <property name="Exif/ShutterSpeedValue" value="4.058"/>
          <property name="Exif/Software" value="OnePlus3-user 6.0.1 MMB29M 26 dev-keys"/>
          <property name="File/ImageHeight" value="4640"/>
          <property name="File/ImageWidth" value="2610"/>
          <property name="System/FileModifyDate" value="2016:10:18 12:49:16"/>
          <property name="System/FileSize" value="1313932"/>
        </meta>
      </photo>
    </camera>
    <camera camera_id="29">
      <photo path="../../../images/IMG_20161018_134919.jpg">
        <meta>
          <property name="Exif/ApertureValue" value="2"/>
          <property name="Exif/DateTime" value="2016:10:18 13:49:19"/>
          <property name="Exif/DateTimeOriginal" value="2016:10:18 13:49:19"/>
          <property name="Exif/ExposureTime" value="0.0588235294117647"/>
          <property name="Exif/FNumber" value="2"/>
          <property name="Exif/FocalLength" value="4.26"/>
          <property name="Exif/FocalLengthIn35mmFilm" value="25"/>
          <property name="Exif/ISOSpeedRatings" value="1250"/>
          <property name="Exif/Make" value="OnePlus"/>
          <property name="Exif/Model" value="ONEPLUS A3003"/>
          <property name="Exif/Orientation" value="1"/>
          <property name="Exif/ShutterSpeedValue" value="4.058"/>
          <property name="Exif/Software" value="OnePlus3-user 6.0.1 MMB29M 26 dev-keys"/>
          <property name="File/ImageHeight" value="4640"/>
          <property name="File/ImageWidth" value="2610"/>
          <property name="System/FileModifyDate" value="2016:10:18 12:49:18"/>
          <property name="System/FileSize" value="1224173"/>
        </meta>
      </photo>
    </camera>
    <camera camera_id="30">
      <photo path="../../../images/IMG_20161018_134921.jpg">
        <meta>
          <property name="Exif/ApertureValue" value="2"/>
          <property name="Exif/DateTime" value="2016:10:18 13:49:21"/>
          <property name="Exif/DateTimeOriginal" value="2016:10:18 13:49:21"/>
          <property name="Exif/ExposureTime" value="0.0588235294117647"/>
          <property name="Exif/FNumber" value="2"/>
          <property name="Exif/FocalLength" value="4.26"/>
          <property name="Exif/FocalLengthIn35mmFilm" value="25"/>
          <property name="Exif/ISOSpeedRatings" value="1000"/>
          <property name="Exif/Make" value="OnePlus"/>
          <property name="Exif/Model" value="ONEPLUS A3003"/>
          <property name="Exif/Orientation" value="1"/>
          <property name="Exif/ShutterSpeedValue" value="4.058"/>
          <property name="Exif/Software" value="OnePlus3-user 6.0.1 MMB29M 26 dev-keys"/>
          <property name="File/ImageHeight" value="4640"/>
          <property name="File/ImageWidth" value="2610"/>
          <property name="System/FileModifyDate" value="2016:10:18 12:49:20"/>
          <property name="System/FileSize" value="1443912"/>
        </meta>
      </photo>
    </camera>
    <camera camera_id="31">
      <photo path="../../../images/IMG_20161018_134927.jpg">
        <meta>
          <property name="Exif/ApertureValue" value="2"/>
          <property name="Exif/DateTime" value="2016:10:18 13:49:27"/>
          <property name="Exif/DateTimeOriginal" value="2016:10:18 13:49:27"/>
          <property name="Exif/ExposureTime" value="0.0588235294117647"/>
          <property name="Exif/FNumber" value="2"/>
          <property name="Exif/FocalLength" value="4.26"/>
          <property name="Exif/FocalLengthIn35mmFilm" value="25"/>
          <property name="Exif/ISOSpeedRatings" value="640"/>
          <property name="Exif/Make" value="OnePlus"/>
          <property name="Exif/Model" value="ONEPLUS A3003"/>
          <property name="Exif/Orientation" value="1"/>
          <property name="Exif/ShutterSpeedValue" value="4.058"/>
          <property name="Exif/Software" value="OnePlus3-user 6.0.1 MMB29M 26 dev-keys"/>
          <property name="File/ImageHeight" value="4640"/>
          <property name="File/ImageWidth" value="2610"/>
          <property name="System/FileModifyDate" value="2016:10:18 12:49:26"/>
          <property name="System/FileSize" value="1622796"/>
        </meta>
      </photo>
    </camera>
    <camera camera_id="32">
      <photo path="../../../images/IMG_20161018_134931.jpg">
        <meta>
          <property name="Exif/ApertureValue" value="2"/>
          <property name="Exif/DateTime" value="2016:10:18 13:49:31"/>
          <property name="Exif/DateTimeOriginal" value="2016:10:18 13:49:31"/>
          <property name="Exif/ExposureTime" value="0.0588235294117647"/>
          <property name="Exif/FNumber" value="2"/>
          <property name="Exif/FocalLength" value="4.26"/>
          <property name="Exif/FocalLengthIn35mmFilm" value="25"/>
          <property name="Exif/ISOSpeedRatings" value="800"/>
          <property name="Exif/Make" value="OnePlus"/>
          <property name="Exif/Model" value="ONEPLUS A3003"/>
          <property name="Exif/Orientation" value="1"/>
          <property name="Exif/ShutterSpeedValue" value="4.058"/>
          <property name="Exif/Software" value="OnePlus3-user 6.0.1 MMB29M 26 dev-keys"/>
          <property name="File/ImageHeight" value="4640"/>
          <property name="File/ImageWidth" value="2610"/>
          <property name="System/FileModifyDate" value="2016:10:18 12:49:30"/>
          <property name="System/FileSize" value="1572059"/>
        </meta>
      </photo>
    </camera>
    <camera camera_id="33">
      <photo path="../../../images/IMG_20161018_134933.jpg">
        <meta>
          <property name="Exif/ApertureValue" value="2"/>
          <property name="Exif/DateTime" value="2016:10:18 13:49:33"/>
          <property name="Exif/DateTimeOriginal" value="2016:10:18 13:49:33"/>
          <property name="Exif/ExposureTime" value="0.0588235294117647"/>
          <property name="Exif/FNumber" value="2"/>
          <property name="Exif/FocalLength" value="4.26"/>
          <property name="Exif/FocalLengthIn35mmFilm" value="25"/>
          <property name="Exif/ISOSpeedRatings" value="1250"/>
          <property name="Exif/Make" value="OnePlus"/>
          <property name="Exif/Model" value="ONEPLUS A3003"/>
          <property name="Exif/Orientation" value="1"/>
          <property name="Exif/ShutterSpeedValue" value="4.058"/>
          <property name="Exif/Software" value="OnePlus3-user 6.0.1 MMB29M 26 dev-keys"/>
          <property name="File/ImageHeight" value="4640"/>
          <property name="File/ImageWidth" value="2610"/>
          <property name="System/FileModifyDate" value="2016:10:18 12:49:32"/>
          <property name="System/FileSize" value="1170429"/>
        </meta>
      </photo>
    </camera>
    <camera camera_id="34">
      <photo path="../../../images/IMG_20161018_134941.jpg">
        <meta>
          <property name="Exif/ApertureValue" value="2"/>
          <property name="Exif/DateTime" value="2016:10:18 13:49:41"/>
          <property name="Exif/DateTimeOriginal" value="2016:10:18 13:49:41"/>
          <property name="Exif/ExposureTime" value="0.0588235294117647"/>
          <property name="Exif/FNumber" value="2"/>
          <property name="Exif/FocalLength" value="4.26"/>
          <property name="Exif/FocalLengthIn35mmFilm" value="25"/>
          <property name="Exif/ISOSpeedRatings" value="1250"/>
          <property name="Exif/Make" value="OnePlus"/>
          <property name="Exif/Model" value="ONEPLUS A3003"/>
          <property name="Exif/Orientation" value="1"/>
          <property name="Exif/ShutterSpeedValue" value="4.058"/>
          <property name="Exif/Software" value="OnePlus3-user 6.0.1 MMB29M 26 dev-keys"/>
          <property name="File/ImageHeight" value="4640"/>
          <property name="File/ImageWidth" value="2610"/>
          <property name="System/FileModifyDate" value="2016:10:18 12:49:40"/>
          <property name="System/FileSize" value="1435493"/>
        </meta>
      </photo>
    </camera>
    <camera camera_id="35">
      <photo path="../../../images/IMG_20161018_134948.jpg">
        <meta>
          <property name="Exif/ApertureValue" value="2"/>
          <property name="Exif/DateTime" value="2016:10:18 13:49:48"/>
          <property name="Exif/DateTimeOriginal" value="2016:10:18 13:49:48"/>
          <property name="Exif/ExposureTime" value="0.0588235294117647"/>
          <property name="Exif/FNumber" value="2"/>
          <property name="Exif/FocalLength" value="4.26"/>
          <property name="Exif/FocalLengthIn35mmFilm" value="25"/>
          <property name="Exif/ISOSpeedRatings" value="1000"/>
          <property name="Exif/Make" value="OnePlus"/>
          <property name="Exif/Model" value="ONEPLUS A3003"/>
          <property name="Exif/Orientation" value="1"/>
          <property name="Exif/ShutterSpeedValue" value="4.058"/>
          <property name="Exif/Software" value="OnePlus3-user 6.0.1 MMB29M 26 dev-keys"/>
          <property name="File/ImageHeight" value="4640"/>
          <property name="File/ImageWidth" value="2610"/>
          <property name="System/FileModifyDate" value="2016:10:18 12:49:48"/>
          <property name="System/FileSize" value="1234626"/>
        </meta>
      </photo>
    </camera>
    <camera camera_id="36">
      <photo path="../../../images/IMG_20161018_134949.jpg">
        <meta>
          <property name="Exif/ApertureValue" value="2"/>
          <property name="Exif/DateTime" value="2016:10:18 13:49:49"/>
          <property name="Exif/DateTimeOriginal" value="2016:10:18 13:49:49"/>
          <property name="Exif/ExposureTime" value="0.0588235294117647"/>
          <property name="Exif/FNumber" value="2"/>
          <property name="Exif/FocalLength" value="4.26"/>
          <property name="Exif/FocalLengthIn35mmFilm" value="25"/>
          <property name="Exif/ISOSpeedRatings" value="1250"/>
          <property name="Exif/Make" value="OnePlus"/>
          <property name="Exif/Model" value="ONEPLUS A3003"/>
          <property name="Exif/Orientation" value="1"/>
          <property name="Exif/ShutterSpeedValue" value="4.058"/>
          <property name="Exif/Software" value="OnePlus3-user 6.0.1 MMB29M 26 dev-keys"/>
          <property name="File/ImageHeight" value="4640"/>
          <property name="File/ImageWidth" value="2610"/>
          <property name="System/FileModifyDate" value="2016:10:18 12:49:48"/>
          <property name="System/FileSize" value="1154192"/>
        </meta>
      </photo>
    </camera>
    <camera camera_id="37">
      <photo path="../../../images/IMG_20161018_134955.jpg">
        <meta>
          <property name="Exif/ApertureValue" value="2"/>
          <property name="Exif/DateTime" value="2016:10:18 13:49:55"/>
          <property name="Exif/DateTimeOriginal" value="2016:10:18 13:49:55"/>
          <property name="Exif/ExposureTime" value="0.0588235294117647"/>
          <property name="Exif/FNumber" value="2"/>
          <property name="Exif/FocalLength" value="4.26"/>
          <property name="Exif/FocalLengthIn35mmFilm" value="25"/>
          <property name="Exif/ISOSpeedRatings" value="1600"/>
          <property name="Exif/Make" value="OnePlus"/>
          <property name="Exif/Model" value="ONEPLUS A3003"/>
          <property name="Exif/Orientation" value="1"/>
          <property name="Exif/ShutterSpeedValue" value="4.058"/>
          <property name="Exif/Software" value="OnePlus3-user 6.0.1 MMB29M 26 dev-keys"/>
          <property name="File/ImageHeight" value="4640"/>
          <property name="File/ImageWidth" value="2610"/>
          <property name="System/FileModifyDate" value="2016:10:18 12:49:54"/>
          <property name="System/FileSize" value="1444221"/>
        </meta>
      </photo>
    </camera>
    <camera camera_id="38">
      <photo path="../../../images/IMG_20161018_134957.jpg">
        <meta>
          <property name="Exif/ApertureValue" value="2"/>
          <property name="Exif/DateTime" value="2016:10:18 13:49:57"/>
          <property name="Exif/DateTimeOriginal" value="2016:10:18 13:49:57"/>
          <property name="Exif/ExposureTime" value="0.0588235294117647"/>
          <property name="Exif/FNumber" value="2"/>
          <property name="Exif/FocalLength" value="4.26"/>
          <property name="Exif/FocalLengthIn35mmFilm" value="25"/>
          <property name="Exif/ISOSpeedRatings" value="1250"/>
          <property name="Exif/Make" value="OnePlus"/>
          <property name="Exif/Model" value="ONEPLUS A3003"/>
          <property name="Exif/Orientation" value="1"/>
          <property name="Exif/ShutterSpeedValue" value="4.058"/>
          <property name="Exif/Software" value="OnePlus3-user 6.0.1 MMB29M 26 dev-keys"/>
          <property name="File/ImageHeight" value="4640"/>
          <property name="File/ImageWidth" value="2610"/>
          <property name="System/FileModifyDate" value="2016:10:18 12:49:56"/>
          <property name="System/FileSize" value="1256526"/>
        </meta>
      </photo>
    </camera>
    <camera camera_id="39">
      <photo path="../../../images/IMG_20161018_135000.jpg">
        <meta>
          <property name="Exif/ApertureValue" value="2"/>
          <property name="Exif/DateTime" value="2016:10:18 13:50:00"/>
          <property name="Exif/DateTimeOriginal" value="2016:10:18 13:50:00"/>
          <property name="Exif/ExposureTime" value="0.0588235294117647"/>
          <property name="Exif/FNumber" value="2"/>
          <property name="Exif/FocalLength" value="4.26"/>
          <property name="Exif/FocalLengthIn35mmFilm" value="25"/>
          <property name="Exif/ISOSpeedRatings" value="1250"/>
          <property name="Exif/Make" value="OnePlus"/>
          <property name="Exif/Model" value="ONEPLUS A3003"/>
          <property name="Exif/Orientation" value="1"/>
          <property name="Exif/ShutterSpeedValue" value="4.058"/>
          <property name="Exif/Software" value="OnePlus3-user 6.0.1 MMB29M 26 dev-keys"/>
          <property name="File/ImageHeight" value="4640"/>
          <property name="File/ImageWidth" value="2610"/>
          <property name="System/FileModifyDate" value="2016:10:18 12:50:00"/>
          <property name="System/FileSize" value="1424221"/>
        </meta>
      </photo>
    </camera>
    <camera camera_id="40">
      <photo path="../../../images/IMG_20161018_135003.jpg">
        <meta>
          <property name="Exif/ApertureValue" value="2"/>
          <property name="Exif/DateTime" value="2016:10:18 13:50:03"/>
          <property name="Exif/DateTimeOriginal" value="2016:10:18 13:50:03"/>
          <property name="Exif/ExposureTime" value="0.0588235294117647"/>
          <property name="Exif/FNumber" value="2"/>
          <property name="Exif/FocalLength" value="4.26"/>
          <property name="Exif/FocalLengthIn35mmFilm" value="25"/>
          <property name="Exif/ISOSpeedRatings" value="800"/>
          <property name="Exif/Make" value="OnePlus"/>
          <property name="Exif/Model" value="ONEPLUS A3003"/>
          <property name="Exif/Orientation" value="1"/>
          <property name="Exif/ShutterSpeedValue" value="4.058"/>
          <property name="Exif/Software" value="OnePlus3-user 6.0.1 MMB29M 26 dev-keys"/>
          <property name="File/ImageHeight" value="4640"/>
          <property name="File/ImageWidth" value="2610"/>
          <property name="System/FileModifyDate" value="2016:10:18 12:50:02"/>
          <property name="System/FileSize" value="1386293"/>
        </meta>
      </photo>
    </camera>
    <camera camera_id="41">
      <photo path="../../../images/IMG_20161018_135005.jpg">
        <meta>
          <property name="Exif/ApertureValue" value="2"/>
          <property name="Exif/DateTime" value="2016:10:18 13:50:05"/>
          <property name="Exif/DateTimeOriginal" value="2016:10:18 13:50:05"/>
          <property name="Exif/ExposureTime" value="0.0588235294117647"/>
          <property name="Exif/FNumber" value="2"/>
          <property name="Exif/FocalLength" value="4.26"/>
          <property name="Exif/FocalLengthIn35mmFilm" value="25"/>
          <property name="Exif/ISOSpeedRatings" value="1000"/>
          <property name="Exif/Make" value="OnePlus"/>
          <property name="Exif/Model" value="ONEPLUS A3003"/>
          <property name="Exif/Orientation" value="1"/>
          <property name="Exif/ShutterSpeedValue" value="4.058"/>
          <property name="Exif/Software" value="OnePlus3-user 6.0.1 MMB29M 26 dev-keys"/>
          <property name="File/ImageHeight" value="4640"/>
          <property name="File/ImageWidth" value="2610"/>
          <property name="System/FileModifyDate" value="2016:10:18 12:50:04"/>
          <property name="System/FileSize" value="1428935"/>
        </meta>
      </photo>
    </camera>
    <camera camera_id="42">
      <photo path="../../../images/IMG_20161018_135012.jpg">
        <meta>
          <property name="Exif/ApertureValue" value="2"/>
          <property name="Exif/DateTime" value="2016:10:18 13:50:12"/>
          <property name="Exif/DateTimeOriginal" value="2016:10:18 13:50:12"/>
          <property name="Exif/ExposureTime" value="0.0588235294117647"/>
          <property name="Exif/FNumber" value="2"/>
          <property name="Exif/FocalLength" value="4.26"/>
          <property name="Exif/FocalLengthIn35mmFilm" value="25"/>
          <property name="Exif/ISOSpeedRatings" value="2000"/>
          <property name="Exif/Make" value="OnePlus"/>
          <property name="Exif/Model" value="ONEPLUS A3003"/>
          <property name="Exif/Orientation" value="1"/>
          <property name="Exif/ShutterSpeedValue" value="4.058"/>
          <property name="Exif/Software" value="OnePlus3-user 6.0.1 MMB29M 26 dev-keys"/>
          <property name="File/ImageHeight" value="4640"/>
          <property name="File/ImageWidth" value="2610"/>
          <property name="System/FileModifyDate" value="2016:10:18 12:50:12"/>
          <property name="System/FileSize" value="1055128"/>
        </meta>
      </photo>
    </camera>
    <camera camera_id="43">
      <photo path="../../../images/IMG_20161018_135021.jpg">
        <meta>
          <property name="Exif/ApertureValue" value="2"/>
          <property name="Exif/DateTime" value="2016:10:18 13:50:21"/>
          <property name="Exif/DateTimeOriginal" value="2016:10:18 13:50:21"/>
          <property name="Exif/ExposureTime" value="0.0588235294117647"/>
          <property name="Exif/FNumber" value="2"/>
          <property name="Exif/FocalLength" value="4.26"/>
          <property name="Exif/FocalLengthIn35mmFilm" value="25"/>
          <property name="Exif/ISOSpeedRatings" value="640"/>
          <property name="Exif/Make" value="OnePlus"/>
          <property name="Exif/Model" value="ONEPLUS A3003"/>
          <property name="Exif/Orientation" value="1"/>
          <property name="Exif/ShutterSpeedValue" value="4.058"/>
          <property name="Exif/Software" value="OnePlus3-user 6.0.1 MMB29M 26 dev-keys"/>
          <property name="File/ImageHeight" value="4640"/>
          <property name="File/ImageWidth" value="2610"/>
          <property name="System/FileModifyDate" value="2016:10:18 12:50:20"/>
          <property name="System/FileSize" value="1558198"/>
        </meta>
      </photo>
    </camera>
    <camera camera_id="44">
      <photo path="../../../images/IMG_20161018_135023.jpg">
        <meta>
          <property name="Exif/ApertureValue" value="2"/>
          <property name="Exif/DateTime" value="2016:10:18 13:50:22"/>
          <property name="Exif/DateTimeOriginal" value="2016:10:18 13:50:22"/>
          <property name="Exif/ExposureTime" value="0.0588235294117647"/>
          <property name="Exif/FNumber" value="2"/>
          <property name="Exif/FocalLength" value="4.26"/>
          <property name="Exif/FocalLengthIn35mmFilm" value="25"/>
          <property name="Exif/ISOSpeedRatings" value="640"/>
          <property name="Exif/Make" value="OnePlus"/>
          <property name="Exif/Model" value="ONEPLUS A3003"/>
          <property name="Exif/Orientation" value="1"/>
          <property name="Exif/ShutterSpeedValue" value="4.058"/>
          <property name="Exif/Software" value="OnePlus3-user 6.0.1 MMB29M 26 dev-keys"/>
          <property name="File/ImageHeight" value="4640"/>
          <property name="File/ImageWidth" value="2610"/>
          <property name="System/FileModifyDate" value="2016:10:18 12:50:22"/>
          <property name="System/FileSize" value="1618867"/>
        </meta>
      </photo>
    </camera>
    <camera camera_id="45">
      <photo path="../../../images/IMG_20161018_135027.jpg">
        <meta>
          <property name="Exif/ApertureValue" value="2"/>
          <property name="Exif/DateTime" value="2016:10:18 13:50:27"/>
          <property name="Exif/DateTimeOriginal" value="2016:10:18 13:50:27"/>
          <property name="Exif/ExposureTime" value="0.0588235294117647"/>
          <property name="Exif/FNumber" value="2"/>
          <property name="Exif/FocalLength" value="4.26"/>
          <property name="Exif/FocalLengthIn35mmFilm" value="25"/>
          <property name="Exif/ISOSpeedRatings" value="1250"/>
          <property name="Exif/Make" value="OnePlus"/>
          <property name="Exif/Model" value="ONEPLUS A3003"/>
          <property name="Exif/Orientation" value="1"/>
          <property name="Exif/ShutterSpeedValue" value="4.058"/>
          <property name="Exif/Software" value="OnePlus3-user 6.0.1 MMB29M 26 dev-keys"/>
          <property name="File/ImageHeight" value="4640"/>
          <property name="File/ImageWidth" value="2610"/>
          <property name="System/FileModifyDate" value="2016:10:18 12:50:26"/>
          <property name="System/FileSize" value="1229185"/>
        </meta>
      </photo>
    </camera>
    <camera camera_id="46">
      <photo path="../../../images/IMG_20161018_135028.jpg">
        <meta>
          <property name="Exif/ApertureValue" value="2"/>
          <property name="Exif/DateTime" value="2016:10:18 13:50:28"/>
          <property name="Exif/DateTimeOriginal" value="2016:10:18 13:50:28"/>
          <property name="Exif/ExposureTime" value="0.0588235294117647"/>
          <property name="Exif/FNumber" value="2"/>
          <property name="Exif/FocalLength" value="4.26"/>
          <property name="Exif/FocalLengthIn35mmFilm" value="25"/>
          <property name="Exif/ISOSpeedRatings" value="1250"/>
          <property name="Exif/Make" value="OnePlus"/>
          <property name="Exif/Model" value="ONEPLUS A3003"/>
          <property name="Exif/Orientation" value="1"/>
          <property name="Exif/ShutterSpeedValue" value="4.058"/>
          <property name="Exif/Software" value="OnePlus3-user 6.0.1 MMB29M 26 dev-keys"/>
          <property name="File/ImageHeight" value="4640"/>
          <property name="File/ImageWidth" value="2610"/>
          <property name="System/FileModifyDate" value="2016:10:18 12:50:28"/>
          <property name="System/FileSize" value="1123523"/>
        </meta>
      </photo>
    </camera>
    <camera camera_id="47">
      <photo path="../../../images/IMG_20161018_135033.jpg">
        <meta>
          <property name="Exif/ApertureValue" value="2"/>
          <property name="Exif/DateTime" value="2016:10:18 13:50:33"/>
          <property name="Exif/DateTimeOriginal" value="2016:10:18 13:50:33"/>
          <property name="Exif/ExposureTime" value="0.0588235294117647"/>
          <property name="Exif/FNumber" value="2"/>
          <property name="Exif/FocalLength" value="4.26"/>
          <property name="Exif/FocalLengthIn35mmFilm" value="25"/>
          <property name="Exif/ISOSpeedRatings" value="1000"/>
          <property name="Exif/Make" value="OnePlus"/>
          <property name="Exif/Model" value="ONEPLUS A3003"/>
          <property name="Exif/Orientation" value="1"/>
          <property name="Exif/ShutterSpeedValue" value="4.058"/>
          <property name="Exif/Software" value="OnePlus3-user 6.0.1 MMB29M 26 dev-keys"/>
          <property name="File/ImageHeight" value="4640"/>
          <property name="File/ImageWidth" value="2610"/>
          <property name="System/FileModifyDate" value="2016:10:18 12:50:32"/>
          <property name="System/FileSize" value="1411716"/>
        </meta>
      </photo>
    </camera>
    <camera camera_id="48">
      <photo path="../../../images/IMG_20161018_135035.jpg">
        <meta>
          <property name="Exif/ApertureValue" value="2"/>
          <property name="Exif/DateTime" value="2016:10:18 13:50:35"/>
          <property name="Exif/DateTimeOriginal" value="2016:10:18 13:50:35"/>
          <property name="Exif/ExposureTime" value="0.0588235294117647"/>
          <property name="Exif/FNumber" value="2"/>
          <property name="Exif/FocalLength" value="4.26"/>
          <property name="Exif/FocalLengthIn35mmFilm" value="25"/>
          <property name="Exif/ISOSpeedRatings" value="1000"/>
          <property name="Exif/Make" value="OnePlus"/>
          <property name="Exif/Model" value="ONEPLUS A3003"/>
          <property name="Exif/Orientation" value="1"/>
          <property name="Exif/ShutterSpeedValue" value="4.058"/>
          <property name="Exif/Software" value="OnePlus3-user 6.0.1 MMB29M 26 dev-keys"/>
          <property name="File/ImageHeight" value="4640"/>
          <property name="File/ImageWidth" value="2610"/>
          <property name="System/FileModifyDate" value="2016:10:18 12:50:34"/>
          <property name="System/FileSize" value="1359947"/>
        </meta>
      </photo>
    </camera>
    <camera camera_id="49">
      <photo path="../../../images/IMG_20161018_135036.jpg">
        <meta>
          <property name="Exif/ApertureValue" value="2"/>
          <property name="Exif/DateTime" value="2016:10:18 13:50:36"/>
          <property name="Exif/DateTimeOriginal" value="2016:10:18 13:50:36"/>
          <property name="Exif/ExposureTime" value="0.0588235294117647"/>
          <property name="Exif/FNumber" value="2"/>
          <property name="Exif/FocalLength" value="4.26"/>
          <property name="Exif/FocalLengthIn35mmFilm" value="25"/>
          <property name="Exif/ISOSpeedRatings" value="1000"/>
          <property name="Exif/Make" value="OnePlus"/>
          <property name="Exif/Model" value="ONEPLUS A3003"/>
          <property name="Exif/Orientation" value="1"/>
          <property name="Exif/ShutterSpeedValue" value="4.058"/>
          <property name="Exif/Software" value="OnePlus3-user 6.0.1 MMB29M 26 dev-keys"/>
          <property name="File/ImageHeight" value="4640"/>
          <property name="File/ImageWidth" value="2610"/>
          <property name="System/FileModifyDate" value="2016:10:18 12:50:36"/>
          <property name="System/FileSize" value="1287502"/>
        </meta>
      </photo>
    </camera>
    <camera camera_id="50">
      <photo path="../../../images/IMG_20161018_135044.jpg">
        <meta>
          <property name="Exif/ApertureValue" value="2"/>
          <property name="Exif/DateTime" value="2016:10:18 13:50:44"/>
          <property name="Exif/DateTimeOriginal" value="2016:10:18 13:50:44"/>
          <property name="Exif/ExposureTime" value="0.0588235294117647"/>
          <property name="Exif/FNumber" value="2"/>
          <property name="Exif/FocalLength" value="4.26"/>
          <property name="Exif/FocalLengthIn35mmFilm" value="25"/>
          <property name="Exif/ISOSpeedRatings" value="800"/>
          <property name="Exif/Make" value="OnePlus"/>
          <property name="Exif/Model" value="ONEPLUS A3003"/>
          <property name="Exif/Orientation" value="1"/>
          <property name="Exif/ShutterSpeedValue" value="4.058"/>
          <property name="Exif/Software" value="OnePlus3-user 6.0.1 MMB29M 26 dev-keys"/>
          <property name="File/ImageHeight" value="4640"/>
          <property name="File/ImageWidth" value="2610"/>
          <property name="System/FileModifyDate" value="2016:10:18 12:50:44"/>
          <property name="System/FileSize" value="1736513"/>
        </meta>
      </photo>
    </camera>
    <camera camera_id="51">
      <photo path="../../../images/IMG_20161018_135045.jpg">
        <meta>
          <property name="Exif/ApertureValue" value="2"/>
          <property name="Exif/DateTime" value="2016:10:18 13:50:45"/>
          <property name="Exif/DateTimeOriginal" value="2016:10:18 13:50:45"/>
          <property name="Exif/ExposureTime" value="0.0588235294117647"/>
          <property name="Exif/FNumber" value="2"/>
          <property name="Exif/FocalLength" value="4.26"/>
          <property name="Exif/FocalLengthIn35mmFilm" value="25"/>
          <property name="Exif/ISOSpeedRatings" value="1000"/>
          <property name="Exif/Make" value="OnePlus"/>
          <property name="Exif/Model" value="ONEPLUS A3003"/>
          <property name="Exif/Orientation" value="1"/>
          <property name="Exif/ShutterSpeedValue" value="4.058"/>
          <property name="Exif/Software" value="OnePlus3-user 6.0.1 MMB29M 26 dev-keys"/>
          <property name="File/ImageHeight" value="4640"/>
          <property name="File/ImageWidth" value="2610"/>
          <property name="System/FileModifyDate" value="2016:10:18 12:50:44"/>
          <property name="System/FileSize" value="1369408"/>
        </meta>
      </photo>
    </camera>
    <camera camera_id="52">
      <photo path="../../../images/IMG_20161018_135050.jpg">
        <meta>
          <property name="Exif/ApertureValue" value="2"/>
          <property name="Exif/DateTime" value="2016:10:18 13:50:50"/>
          <property name="Exif/DateTimeOriginal" value="2016:10:18 13:50:50"/>
          <property name="Exif/ExposureTime" value="0.0588235294117647"/>
          <property name="Exif/FNumber" value="2"/>
          <property name="Exif/FocalLength" value="4.26"/>
          <property name="Exif/FocalLengthIn35mmFilm" value="25"/>
          <property name="Exif/ISOSpeedRatings" value="1000"/>
          <property name="Exif/Make" value="OnePlus"/>
          <property name="Exif/Model" value="ONEPLUS A3003"/>
          <property name="Exif/Orientation" value="1"/>
          <property name="Exif/ShutterSpeedValue" value="4.058"/>
          <property name="Exif/Software" value="OnePlus3-user 6.0.1 MMB29M 26 dev-keys"/>
          <property name="File/ImageHeight" value="4640"/>
          <property name="File/ImageWidth" value="2610"/>
          <property name="System/FileModifyDate" value="2016:10:18 12:50:50"/>
          <property name="System/FileSize" value="1477099"/>
        </meta>
      </photo>
    </camera>
    <camera camera_id="53">
      <photo path="../../../images/IMG_20161018_135053.jpg">
        <meta>
          <property name="Exif/ApertureValue" value="2"/>
          <property name="Exif/DateTime" value="2016:10:18 13:50:53"/>
          <property name="Exif/DateTimeOriginal" value="2016:10:18 13:50:53"/>
          <property name="Exif/ExposureTime" value="0.0588235294117647"/>
          <property name="Exif/FNumber" value="2"/>
          <property name="Exif/FocalLength" value="4.26"/>
          <property name="Exif/FocalLengthIn35mmFilm" value="25"/>
          <property name="Exif/ISOSpeedRatings" value="640"/>
          <property name="Exif/Make" value="OnePlus"/>
          <property name="Exif/Model" value="ONEPLUS A3003"/>
          <property name="Exif/Orientation" value="1"/>
          <property name="Exif/ShutterSpeedValue" value="4.058"/>
          <property name="Exif/Software" value="OnePlus3-user 6.0.1 MMB29M 26 dev-keys"/>
          <property name="File/ImageHeight" value="4640"/>
          <property name="File/ImageWidth" value="2610"/>
          <property name="System/FileModifyDate" value="2016:10:18 12:50:52"/>
          <property name="System/FileSize" value="1474736"/>
        </meta>
      </photo>
    </camera>
    <camera camera_id="54">
      <photo path="../../../images/IMG_20161018_135057.jpg">
        <meta>
          <property name="Exif/ApertureValue" value="2"/>
          <property name="Exif/DateTime" value="2016:10:18 13:50:57"/>
          <property name="Exif/DateTimeOriginal" value="2016:10:18 13:50:57"/>
          <property name="Exif/ExposureTime" value="0.05"/>
          <property name="Exif/FNumber" value="2"/>
          <property name="Exif/FocalLength" value="4.26"/>
          <property name="Exif/FocalLengthIn35mmFilm" value="25"/>
          <property name="Exif/ISOSpeedRatings" value="640"/>
          <property name="Exif/Make" value="OnePlus"/>
          <property name="Exif/Model" value="ONEPLUS A3003"/>
          <property name="Exif/Orientation" value="1"/>
          <property name="Exif/ShutterSpeedValue" value="4.321"/>
          <property name="Exif/Software" value="OnePlus3-user 6.0.1 MMB29M 26 dev-keys"/>
          <property name="File/ImageHeight" value="4640"/>
          <property name="File/ImageWidth" value="2610"/>
          <property name="System/FileModifyDate" value="2016:10:18 12:50:56"/>
          <property name="System/FileSize" value="1425563"/>
        </meta>
      </photo>
    </camera>
    <camera camera_id="55">
      <photo path="../../../images/IMG_20161018_135100.jpg">
        <meta>
          <property name="Exif/ApertureValue" value="2"/>
          <property name="Exif/DateTime" value="2016:10:18 13:51:00"/>
          <property name="Exif/DateTimeOriginal" value="2016:10:18 13:51:00"/>
          <property name="Exif/ExposureTime" value="0.0588235294117647"/>
          <property name="Exif/FNumber" value="2"/>
          <property name="Exif/FocalLength" value="4.26"/>
          <property name="Exif/FocalLengthIn35mmFilm" value="25"/>
          <property name="Exif/ISOSpeedRatings" value="1000"/>
          <property name="Exif/Make" value="OnePlus"/>
          <property name="Exif/Model" value="ONEPLUS A3003"/>
          <property name="Exif/Orientation" value="1"/>
          <property name="Exif/ShutterSpeedValue" value="4.058"/>
          <property name="Exif/Software" value="OnePlus3-user 6.0.1 MMB29M 26 dev-keys"/>
          <property name="File/ImageHeight" value="4640"/>
          <property name="File/ImageWidth" value="2610"/>
          <property name="System/FileModifyDate" value="2016:10:18 12:51:00"/>
          <property name="System/FileSize" value="1391417"/>
        </meta>
      </photo>
    </camera>
    <camera camera_id="56">
      <photo path="../../../images/IMG_20161018_135101.jpg">
        <meta>
          <property name="Exif/ApertureValue" value="2"/>
          <property name="Exif/DateTime" value="2016:10:18 13:51:01"/>
          <property name="Exif/DateTimeOriginal" value="2016:10:18 13:51:01"/>
          <property name="Exif/ExposureTime" value="0.0588235294117647"/>
          <property name="Exif/FNumber" value="2"/>
          <property name="Exif/FocalLength" value="4.26"/>
          <property name="Exif/FocalLengthIn35mmFilm" value="25"/>
          <property name="Exif/ISOSpeedRatings" value="1000"/>
          <property name="Exif/Make" value="OnePlus"/>
          <property name="Exif/Model" value="ONEPLUS A3003"/>
          <property name="Exif/Orientation" value="1"/>
          <property name="Exif/ShutterSpeedValue" value="4.058"/>
          <property name="Exif/Software" value="OnePlus3-user 6.0.1 MMB29M 26 dev-keys"/>
          <property name="File/ImageHeight" value="4640"/>
          <property name="File/ImageWidth" value="2610"/>
          <property name="System/FileModifyDate" value="2016:10:18 12:51:00"/>
          <property name="System/FileSize" value="1656247"/>
        </meta>
      </photo>
    </camera>
    <camera camera_id="57">
      <photo path="../../../images/IMG_20161018_135118.jpg">
        <meta>
          <property name="Exif/ApertureValue" value="2"/>
          <property name="Exif/DateTime" value="2016:10:18 13:51:17"/>
          <property name="Exif/DateTimeOriginal" value="2016:10:18 13:51:17"/>
          <property name="Exif/ExposureTime" value="0.0588235294117647"/>
          <property name="Exif/FNumber" value="2"/>
          <property name="Exif/FocalLength" value="4.26"/>
          <property name="Exif/FocalLengthIn35mmFilm" value="25"/>
          <property name="Exif/ISOSpeedRatings" value="800"/>
          <property name="Exif/Make" value="OnePlus"/>
          <property name="Exif/Model" value="ONEPLUS A3003"/>
          <property name="Exif/Orientation" value="1"/>
          <property name="Exif/ShutterSpeedValue" value="4.058"/>
          <property name="Exif/Software" value="OnePlus3-user 6.0.1 MMB29M 26 dev-keys"/>
          <property name="File/ImageHeight" value="4640"/>
          <property name="File/ImageWidth" value="2610"/>
          <property name="System/FileModifyDate" value="2016:10:18 12:51:16"/>
          <property name="System/FileSize" value="1186685"/>
        </meta>
      </photo>
    </camera>
    <camera camera_id="58">
      <photo path="../../../images/IMG_20161018_135120.jpg">
        <meta>
          <property name="Exif/ApertureValue" value="2"/>
          <property name="Exif/DateTime" value="2016:10:18 13:51:20"/>
          <property name="Exif/DateTimeOriginal" value="2016:10:18 13:51:20"/>
          <property name="Exif/ExposureTime" value="0.0588235294117647"/>
          <property name="Exif/FNumber" value="2"/>
          <property name="Exif/FocalLength" value="4.26"/>
          <property name="Exif/FocalLengthIn35mmFilm" value="25"/>
          <property name="Exif/ISOSpeedRatings" value="1000"/>
          <property name="Exif/Make" value="OnePlus"/>
          <property name="Exif/Model" value="ONEPLUS A3003"/>
          <property name="Exif/Orientation" value="1"/>
          <property name="Exif/ShutterSpeedValue" value="4.058"/>
          <property name="Exif/Software" value="OnePlus3-user 6.0.1 MMB29M 26 dev-keys"/>
          <property name="File/ImageHeight" value="4640"/>
          <property name="File/ImageWidth" value="2610"/>
          <property name="System/FileModifyDate" value="2016:10:18 12:51:20"/>
          <property name="System/FileSize" value="1203466"/>
        </meta>
      </photo>
    </camera>
    <camera camera_id="59">
      <photo path="../../../images/IMG_20161018_135121.jpg">
        <meta>
          <property name="Exif/ApertureValue" value="2"/>
          <property name="Exif/DateTime" value="2016:10:18 13:51:21"/>
          <property name="Exif/DateTimeOriginal" value="2016:10:18 13:51:21"/>
          <property name="Exif/ExposureTime" value="0.0588235294117647"/>
          <property name="Exif/FNumber" value="2"/>
          <property name="Exif/FocalLength" value="4.26"/>
          <property name="Exif/FocalLengthIn35mmFilm" value="25"/>
          <property name="Exif/ISOSpeedRatings" value="1000"/>
          <property name="Exif/Make" value="OnePlus"/>
          <property name="Exif/Model" value="ONEPLUS A3003"/>
          <property name="Exif/Orientation" value="1"/>
          <property name="Exif/ShutterSpeedValue" value="4.058"/>
          <property name="Exif/Software" value="OnePlus3-user 6.0.1 MMB29M 26 dev-keys"/>
          <property name="File/ImageHeight" value="4640"/>
          <property name="File/ImageWidth" value="2610"/>
          <property name="System/FileModifyDate" value="2016:10:18 12:51:20"/>
          <property name="System/FileSize" value="1262326"/>
        </meta>
      </photo>
    </camera>
    <camera camera_id="60">
      <photo path="../../../images/IMG_20161018_135122.jpg">
        <meta>
          <property name="Exif/ApertureValue" value="2"/>
          <property name="Exif/DateTime" value="2016:10:18 13:51:22"/>
          <property name="Exif/DateTimeOriginal" value="2016:10:18 13:51:22"/>
          <property name="Exif/ExposureTime" value="0.0588235294117647"/>
          <property name="Exif/FNumber" value="2"/>
          <property name="Exif/FocalLength" value="4.26"/>
          <property name="Exif/FocalLengthIn35mmFilm" value="25"/>
          <property name="Exif/ISOSpeedRatings" value="1250"/>
          <property name="Exif/Make" value="OnePlus"/>
          <property name="Exif/Model" value="ONEPLUS A3003"/>
          <property name="Exif/Orientation" value="1"/>
          <property name="Exif/ShutterSpeedValue" value="4.058"/>
          <property name="Exif/Software" value="OnePlus3-user 6.0.1 MMB29M 26 dev-keys"/>
          <property name="File/ImageHeight" value="4640"/>
          <property name="File/ImageWidth" value="2610"/>
          <property name="System/FileModifyDate" value="2016:10:18 12:51:22"/>
          <property name="System/FileSize" value="1442965"/>
        </meta>
      </photo>
    </camera>
    <camera camera_id="61">
      <photo path="../../../images/IMG_20161018_135123.jpg">
        <meta>
          <property name="Exif/ApertureValue" value="2"/>
          <property name="Exif/DateTime" value="2016:10:18 13:51:23"/>
          <property name="Exif/DateTimeOriginal" value="2016:10:18 13:51:23"/>
          <property name="Exif/ExposureTime" value="0.0588235294117647"/>
          <property name="Exif/FNumber" value="2"/>
          <property name="Exif/FocalLength" value="4.26"/>
          <property name="Exif/FocalLengthIn35mmFilm" value="25"/>
          <property name="Exif/ISOSpeedRatings" value="1250"/>
          <property name="Exif/Make" value="OnePlus"/>
          <property name="Exif/Model" value="ONEPLUS A3003"/>
          <property name="Exif/Orientation" value="1"/>
          <property name="Exif/ShutterSpeedValue" value="4.058"/>
          <property name="Exif/Software" value="OnePlus3-user 6.0.1 MMB29M 26 dev-keys"/>
          <property name="File/ImageHeight" value="4640"/>
          <property name="File/ImageWidth" value="2610"/>
          <property name="System/FileModifyDate" value="2016:10:18 12:51:22"/>
          <property name="System/FileSize" value="1341502"/>
        </meta>
      </photo>
    </camera>
    <camera camera_id="62">
      <photo path="../../../images/IMG_20161018_135126.jpg">
        <meta>
          <property name="Exif/ApertureValue" value="2"/>
          <property name="Exif/DateTime" value="2016:10:18 13:51:25"/>
          <property name="Exif/DateTimeOriginal" value="2016:10:18 13:51:25"/>
          <property name="Exif/ExposureTime" value="0.0588235294117647"/>
          <property name="Exif/FNumber" value="2"/>
          <property name="Exif/FocalLength" value="4.26"/>
          <property name="Exif/FocalLengthIn35mmFilm" value="25"/>
          <property name="Exif/ISOSpeedRatings" value="800"/>
          <property name="Exif/Make" value="OnePlus"/>
          <property name="Exif/Model" value="ONEPLUS A3003"/>
          <property name="Exif/Orientation" value="1"/>
          <property name="Exif/ShutterSpeedValue" value="4.058"/>
          <property name="Exif/Software" value="OnePlus3-user 6.0.1 MMB29M 26 dev-keys"/>
          <property name="File/ImageHeight" value="4640"/>
          <property name="File/ImageWidth" value="2610"/>
          <property name="System/FileModifyDate" value="2016:10:18 12:51:24"/>
          <property name="System/FileSize" value="1241842"/>
        </meta>
      </photo>
    </camera>
    <camera camera_id="63">
      <photo path="../../../images/IMG_20161018_135126_01.jpg">
        <meta>
          <property name="Exif/ApertureValue" value="2"/>
          <property name="Exif/DateTime" value="2016:10:18 13:51:26"/>
          <property name="Exif/DateTimeOriginal" value="2016:10:18 13:51:26"/>
          <property name="Exif/ExposureTime" value="0.0588235294117647"/>
          <property name="Exif/FNumber" value="2"/>
          <property name="Exif/FocalLength" value="4.26"/>
          <property name="Exif/FocalLengthIn35mmFilm" value="25"/>
          <property name="Exif/ISOSpeedRatings" value="640"/>
          <property name="Exif/Make" value="OnePlus"/>
          <property name="Exif/Model" value="ONEPLUS A3003"/>
          <property name="Exif/Orientation" value="1"/>
          <property name="Exif/ShutterSpeedValue" value="4.058"/>
          <property name="Exif/Software" value="OnePlus3-user 6.0.1 MMB29M 26 dev-keys"/>
          <property name="File/ImageHeight" value="4640"/>
          <property name="File/ImageWidth" value="2610"/>
          <property name="System/FileModifyDate" value="2016:10:18 12:51:26"/>
          <property name="System/FileSize" value="1154301"/>
        </meta>
      </photo>
    </camera>
    <camera camera_id="64">
      <photo path="../../../images/IMG_20161018_135127.jpg">
        <meta>
          <property name="Exif/ApertureValue" value="2"/>
          <property name="Exif/DateTime" value="2016:10:18 13:51:27"/>
          <property name="Exif/DateTimeOriginal" value="2016:10:18 13:51:27"/>
          <property name="Exif/ExposureTime" value="0.05"/>
          <property name="Exif/FNumber" value="2"/>
          <property name="Exif/FocalLength" value="4.26"/>
          <property name="Exif/FocalLengthIn35mmFilm" value="25"/>
          <property name="Exif/ISOSpeedRatings" value="640"/>
          <property name="Exif/Make" value="OnePlus"/>
          <property name="Exif/Model" value="ONEPLUS A3003"/>
          <property name="Exif/Orientation" value="1"/>
          <property name="Exif/ShutterSpeedValue" value="4.321"/>
          <property name="Exif/Software" value="OnePlus3-user 6.0.1 MMB29M 26 dev-keys"/>
          <property name="File/ImageHeight" value="4640"/>
          <property name="File/ImageWidth" value="2610"/>
          <property name="System/FileModifyDate" value="2016:10:18 12:51:26"/>
          <property name="System/FileSize" value="1155227"/>
        </meta>
      </photo>
    </camera>
    <camera camera_id="65">
      <photo path="../../../images/IMG_20161018_135133.jpg">
        <meta>
          <property name="Exif/ApertureValue" value="2"/>
          <property name="Exif/DateTime" value="2016:10:18 13:51:33"/>
          <property name="Exif/DateTimeOriginal" value="2016:10:18 13:51:33"/>
          <property name="Exif/ExposureTime" value="0.0588235294117647"/>
          <property name="Exif/FNumber" value="2"/>
          <property name="Exif/FocalLength" value="4.26"/>
          <property name="Exif/FocalLengthIn35mmFilm" value="25"/>
          <property name="Exif/ISOSpeedRatings" value="800"/>
          <property name="Exif/Make" value="OnePlus"/>
          <property name="Exif/Model" value="ONEPLUS A3003"/>
          <property name="Exif/Orientation" value="1"/>
          <property name="Exif/ShutterSpeedValue" value="4.058"/>
          <property name="Exif/Software" value="OnePlus3-user 6.0.1 MMB29M 26 dev-keys"/>
          <property name="File/ImageHeight" value="4640"/>
          <property name="File/ImageWidth" value="2610"/>
          <property name="System/FileModifyDate" value="2016:10:18 12:51:32"/>
          <property name="System/FileSize" value="1218755"/>
        </meta>
      </photo>
    </camera>
    <camera camera_id="66">
      <photo path="../../../images/IMG_20161018_135134.jpg">
        <meta>
          <property name="Exif/ApertureValue" value="2"/>
          <property name="Exif/DateTime" value="2016:10:18 13:51:34"/>
          <property name="Exif/DateTimeOriginal" value="2016:10:18 13:51:34"/>
          <property name="Exif/ExposureTime" value="0.0588235294117647"/>
          <property name="Exif/FNumber" value="2"/>
          <property name="Exif/FocalLength" value="4.26"/>
          <property name="Exif/FocalLengthIn35mmFilm" value="25"/>
          <property name="Exif/ISOSpeedRatings" value="800"/>
          <property name="Exif/Make" value="OnePlus"/>
          <property name="Exif/Model" value="ONEPLUS A3003"/>
          <property name="Exif/Orientation" value="1"/>
          <property name="Exif/ShutterSpeedValue" value="4.058"/>
          <property name="Exif/Software" value="OnePlus3-user 6.0.1 MMB29M 26 dev-keys"/>
          <property name="File/ImageHeight" value="4640"/>
          <property name="File/ImageWidth" value="2610"/>
          <property name="System/FileModifyDate" value="2016:10:18 12:51:34"/>
          <property name="System/FileSize" value="1251542"/>
        </meta>
      </photo>
    </camera>
    <camera camera_id="67">
      <photo path="../../../images/IMG_20161018_135135.jpg">
        <meta>
          <property name="Exif/ApertureValue" value="2"/>
          <property name="Exif/DateTime" value="2016:10:18 13:51:35"/>
          <property name="Exif/DateTimeOriginal" value="2016:10:18 13:51:35"/>
          <property name="Exif/ExposureTime" value="0.0588235294117647"/>
          <property name="Exif/FNumber" value="2"/>
          <property name="Exif/FocalLength" value="4.26"/>
          <property name="Exif/FocalLengthIn35mmFilm" value="25"/>
          <property name="Exif/ISOSpeedRatings" value="800"/>
          <property name="Exif/Make" value="OnePlus"/>
          <property name="Exif/Model" value="ONEPLUS A3003"/>
          <property name="Exif/Orientation" value="1"/>
          <property name="Exif/ShutterSpeedValue" value="4.058"/>
          <property name="Exif/Software" value="OnePlus3-user 6.0.1 MMB29M 26 dev-keys"/>
          <property name="File/ImageHeight" value="4640"/>
          <property name="File/ImageWidth" value="2610"/>
          <property name="System/FileModifyDate" value="2016:10:18 12:51:34"/>
          <property name="System/FileSize" value="1212951"/>
        </meta>
      </photo>
    </camera>
    <camera camera_id="69">
      <photo path="../../../crown/IMG_20161019_101145.jpg">
        <meta>
          <property name="Exif/ApertureValue" value="2"/>
          <property name="Exif/DateTime" value="2016:10:19 10:11:45"/>
          <property name="Exif/DateTimeOriginal" value="2016:10:19 10:11:45"/>
          <property name="Exif/ExposureTime" value="0.0588235294117647"/>
          <property name="Exif/FNumber" value="2"/>
          <property name="Exif/FocalLength" value="4.26"/>
          <property name="Exif/FocalLengthIn35mmFilm" value="25"/>
          <property name="Exif/ISOSpeedRatings" value="640"/>
          <property name="Exif/Make" value="OnePlus"/>
          <property name="Exif/Model" value="ONEPLUS A3003"/>
          <property name="Exif/Orientation" value="1"/>
          <property name="Exif/ShutterSpeedValue" value="4.058"/>
          <property name="Exif/Software" value="OnePlus3-user 6.0.1 MMB29M 26 dev-keys"/>
          <property name="File/ImageHeight" value="2610"/>
          <property name="File/ImageWidth" value="4640"/>
          <property name="System/FileModifyDate" value="2016:10:19 09:11:44"/>
          <property name="System/FileSize" value="1696447"/>
        </meta>
      </photo>
    </camera>
    <camera camera_id="70">
      <photo path="../../../crown/IMG_20161019_101211.jpg">
        <meta>
          <property name="Exif/ApertureValue" value="2"/>
          <property name="Exif/DateTime" value="2016:10:19 10:12:11"/>
          <property name="Exif/DateTimeOriginal" value="2016:10:19 10:12:11"/>
          <property name="Exif/ExposureTime" value="0.0588235294117647"/>
          <property name="Exif/FNumber" value="2"/>
          <property name="Exif/FocalLength" value="4.26"/>
          <property name="Exif/FocalLengthIn35mmFilm" value="25"/>
          <property name="Exif/ISOSpeedRatings" value="800"/>
          <property name="Exif/Make" value="OnePlus"/>
          <property name="Exif/Model" value="ONEPLUS A3003"/>
          <property name="Exif/Orientation" value="1"/>
          <property name="Exif/ShutterSpeedValue" value="4.058"/>
          <property name="Exif/Software" value="OnePlus3-user 6.0.1 MMB29M 26 dev-keys"/>
          <property name="File/ImageHeight" value="4640"/>
          <property name="File/ImageWidth" value="2610"/>
          <property name="System/FileModifyDate" value="2016:10:19 09:12:10"/>
          <property name="System/FileSize" value="1424848"/>
        </meta>
      </photo>
    </camera>
    <camera camera_id="71">
      <photo path="../../../crown/IMG_20161019_101213.jpg">
        <meta>
          <property name="Exif/ApertureValue" value="2"/>
          <property name="Exif/DateTime" value="2016:10:19 10:12:13"/>
          <property name="Exif/DateTimeOriginal" value="2016:10:19 10:12:13"/>
          <property name="Exif/ExposureTime" value="0.0588235294117647"/>
          <property name="Exif/FNumber" value="2"/>
          <property name="Exif/FocalLength" value="4.26"/>
          <property name="Exif/FocalLengthIn35mmFilm" value="25"/>
          <property name="Exif/ISOSpeedRatings" value="800"/>
          <property name="Exif/Make" value="OnePlus"/>
          <property name="Exif/Model" value="ONEPLUS A3003"/>
          <property name="Exif/Orientation" value="1"/>
          <property name="Exif/ShutterSpeedValue" value="4.058"/>
          <property name="Exif/Software" value="OnePlus3-user 6.0.1 MMB29M 26 dev-keys"/>
          <property name="File/ImageHeight" value="4640"/>
          <property name="File/ImageWidth" value="2610"/>
          <property name="System/FileModifyDate" value="2016:10:19 09:12:12"/>
          <property name="System/FileSize" value="1467527"/>
        </meta>
      </photo>
    </camera>
    <camera camera_id="72">
      <photo path="../../../crown/IMG_20161019_101214.jpg">
        <meta>
          <property name="Exif/ApertureValue" value="2"/>
          <property name="Exif/DateTime" value="2016:10:19 10:12:14"/>
          <property name="Exif/DateTimeOriginal" value="2016:10:19 10:12:14"/>
          <property name="Exif/ExposureTime" value="0.0588235294117647"/>
          <property name="Exif/FNumber" value="2"/>
          <property name="Exif/FocalLength" value="4.26"/>
          <property name="Exif/FocalLengthIn35mmFilm" value="25"/>
          <property name="Exif/ISOSpeedRatings" value="800"/>
          <property name="Exif/Make" value="OnePlus"/>
          <property name="Exif/Model" value="ONEPLUS A3003"/>
          <property name="Exif/Orientation" value="1"/>
          <property name="Exif/ShutterSpeedValue" value="4.058"/>
          <property name="Exif/Software" value="OnePlus3-user 6.0.1 MMB29M 26 dev-keys"/>
          <property name="File/ImageHeight" value="4640"/>
          <property name="File/ImageWidth" value="2610"/>
          <property name="System/FileModifyDate" value="2016:10:19 09:12:14"/>
          <property name="System/FileSize" value="1433657"/>
        </meta>
      </photo>
    </camera>
    <camera camera_id="73">
      <photo path="../../../crown/IMG_20161019_101216.jpg">
        <meta>
          <property name="Exif/ApertureValue" value="2"/>
          <property name="Exif/DateTime" value="2016:10:19 10:12:16"/>
          <property name="Exif/DateTimeOriginal" value="2016:10:19 10:12:16"/>
          <property name="Exif/ExposureTime" value="0.0588235294117647"/>
          <property name="Exif/FNumber" value="2"/>
          <property name="Exif/FocalLength" value="4.26"/>
          <property name="Exif/FocalLengthIn35mmFilm" value="25"/>
          <property name="Exif/ISOSpeedRatings" value="800"/>
          <property name="Exif/Make" value="OnePlus"/>
          <property name="Exif/Model" value="ONEPLUS A3003"/>
          <property name="Exif/Orientation" value="1"/>
          <property name="Exif/ShutterSpeedValue" value="4.058"/>
          <property name="Exif/Software" value="OnePlus3-user 6.0.1 MMB29M 26 dev-keys"/>
          <property name="File/ImageHeight" value="4640"/>
          <property name="File/ImageWidth" value="2610"/>
          <property name="System/FileModifyDate" value="2016:10:19 09:12:16"/>
          <property name="System/FileSize" value="1497195"/>
        </meta>
      </photo>
    </camera>
    <camera camera_id="74">
      <photo path="../../../crown/IMG_20161019_101218.jpg">
        <meta>
          <property name="Exif/ApertureValue" value="2"/>
          <property name="Exif/DateTime" value="2016:10:19 10:12:18"/>
          <property name="Exif/DateTimeOriginal" value="2016:10:19 10:12:18"/>
          <property name="Exif/ExposureTime" value="0.0588235294117647"/>
          <property name="Exif/FNumber" value="2"/>
          <property name="Exif/FocalLength" value="4.26"/>
          <property name="Exif/FocalLengthIn35mmFilm" value="25"/>
          <property name="Exif/ISOSpeedRatings" value="800"/>
          <property name="Exif/Make" value="OnePlus"/>
          <property name="Exif/Model" value="ONEPLUS A3003"/>
          <property name="Exif/Orientation" value="1"/>
          <property name="Exif/ShutterSpeedValue" value="4.058"/>
          <property name="Exif/Software" value="OnePlus3-user 6.0.1 MMB29M 26 dev-keys"/>
          <property name="File/ImageHeight" value="4640"/>
          <property name="File/ImageWidth" value="2610"/>
          <property name="System/FileModifyDate" value="2016:10:19 09:12:18"/>
          <property name="System/FileSize" value="1496131"/>
        </meta>
      </photo>
    </camera>
    <camera camera_id="75">
      <photo path="../../../crown/IMG_20161019_101220.jpg">
        <meta>
          <property name="Exif/ApertureValue" value="2"/>
          <property name="Exif/DateTime" value="2016:10:19 10:12:19"/>
          <property name="Exif/DateTimeOriginal" value="2016:10:19 10:12:19"/>
          <property name="Exif/ExposureTime" value="0.0588235294117647"/>
          <property name="Exif/FNumber" value="2"/>
          <property name="Exif/FocalLength" value="4.26"/>
          <property name="Exif/FocalLengthIn35mmFilm" value="25"/>
          <property name="Exif/ISOSpeedRatings" value="800"/>
          <property name="Exif/Make" value="OnePlus"/>
          <property name="Exif/Model" value="ONEPLUS A3003"/>
          <property name="Exif/Orientation" value="1"/>
          <property name="Exif/ShutterSpeedValue" value="4.058"/>
          <property name="Exif/Software" value="OnePlus3-user 6.0.1 MMB29M 26 dev-keys"/>
          <property name="File/ImageHeight" value="4640"/>
          <property name="File/ImageWidth" value="2610"/>
          <property name="System/FileModifyDate" value="2016:10:19 09:12:18"/>
          <property name="System/FileSize" value="1428210"/>
        </meta>
      </photo>
    </camera>
    <camera camera_id="76">
      <photo path="../../../crown/IMG_20161019_101222.jpg">
        <meta>
          <property name="Exif/ApertureValue" value="2"/>
          <property name="Exif/DateTime" value="2016:10:19 10:12:21"/>
          <property name="Exif/DateTimeOriginal" value="2016:10:19 10:12:21"/>
          <property name="Exif/ExposureTime" value="0.0588235294117647"/>
          <property name="Exif/FNumber" value="2"/>
          <property name="Exif/FocalLength" value="4.26"/>
          <property name="Exif/FocalLengthIn35mmFilm" value="25"/>
          <property name="Exif/ISOSpeedRatings" value="800"/>
          <property name="Exif/Make" value="OnePlus"/>
          <property name="Exif/Model" value="ONEPLUS A3003"/>
          <property name="Exif/Orientation" value="1"/>
          <property name="Exif/ShutterSpeedValue" value="4.058"/>
          <property name="Exif/Software" value="OnePlus3-user 6.0.1 MMB29M 26 dev-keys"/>
          <property name="File/ImageHeight" value="4640"/>
          <property name="File/ImageWidth" value="2610"/>
          <property name="System/FileModifyDate" value="2016:10:19 09:12:20"/>
          <property name="System/FileSize" value="1466850"/>
        </meta>
      </photo>
    </camera>
    <camera camera_id="77">
      <photo path="../../../crown/IMG_20161019_101223.jpg">
        <meta>
          <property name="Exif/ApertureValue" value="2"/>
          <property name="Exif/DateTime" value="2016:10:19 10:12:23"/>
          <property name="Exif/DateTimeOriginal" value="2016:10:19 10:12:23"/>
          <property name="Exif/ExposureTime" value="0.0588235294117647"/>
          <property name="Exif/FNumber" value="2"/>
          <property name="Exif/FocalLength" value="4.26"/>
          <property name="Exif/FocalLengthIn35mmFilm" value="25"/>
          <property name="Exif/ISOSpeedRatings" value="800"/>
          <property name="Exif/Make" value="OnePlus"/>
          <property name="Exif/Model" value="ONEPLUS A3003"/>
          <property name="Exif/Orientation" value="1"/>
          <property name="Exif/ShutterSpeedValue" value="4.058"/>
          <property name="Exif/Software" value="OnePlus3-user 6.0.1 MMB29M 26 dev-keys"/>
          <property name="File/ImageHeight" value="4640"/>
          <property name="File/ImageWidth" value="2610"/>
          <property name="System/FileModifyDate" value="2016:10:19 09:12:22"/>
          <property name="System/FileSize" value="1280753"/>
        </meta>
      </photo>
    </camera>
  </cameras>
  <masks path="masks/masks.zip"/>
  <thumbnails path="thumbnails/thumbnails.zip"/>
  <point_cloud path="point_cloud/point_cloud.zip"/>
  <depth_maps path="depth_maps/depth_maps.zip"/>
  <dense_cloud path="dense_cloud/dense_cloud.zip"/>
  <model path="model/model.zip"/>
</frame>
